2936733136c3e,0,27990524,pareto,300.000000,1.000000,1000,26951,28124,155349,1004,1173
2936733136c3e,0,27990524,pareto,300.000000,1.000000,1000,160348,161478,202867,1004,1130
2936733136c3e,0,27990524,pareto,300.000000,1.000000,1000,206762,207892,247735,1007,1130
2936733136c3e,0,27990524,pareto,300.000000,1.000000,1000,253239,254362,298318,1001,1123
2936733136c3e,0,27990524,pareto,300.000000,1.000000,1000,304425,305545,345184,1000,1120
2936733136c3e,0,27990524,pareto,300.000000,1.000000,1000,346176,347274,390345,1005,1098
2936733136c3e,0,27990524,pareto,300.000000,1.000000,1000,391317,392424,431363,1002,1107
2936733136c3e,0,27990524,pareto,300.000000,1.000000,1000,435310,436418,479726,1000,1108
2936733136c3e,0,27990524,pareto,300.000000,1.000000,1000,480736,481853,520810,1006,1117
2936733136c3e,0,27990524,pareto,300.000000,1.000000,1000,521824,522939,561888,1002,1115
2936733136c3e,0,27990524,pareto,300.000000,1.000000,1000,562816,563923,606699,1002,1107
2936733136c3e,0,27990524,pareto,300.000000,1.000000,1000,607681,608793,647687,1007,1112
2936733136c3e,0,27990524,pareto,300.000000,1.000000,1000,648627,649734,692420,1003,1107
2936733136c3e,0,27990524,pareto,300.000000,1.000000,1000,693380,694493,733412,1001,1113
2936733136c3e,0,27990524,pareto,300.000000,1.000000,1000,734372,735486,778210,1012,1114
2936733136c3e,0,27990524,pareto,300.000000,1.000000,1000,779179,780287,819238,1008,1108
2936733136c3e,0,27990524,pareto,300.000000,1.000000,1000,820163,821283,860114,1008,1120
2936733136c3e,0,27990524,pareto,300.000000,1.000000,1000,863934,865039,908387,1000,1105
2936733136c3e,0,27990524,pareto,300.000000,1.000000,1000,909389,910492,949403,1001,1103
2936733136c3e,0,27990524,pareto,300.000000,1.000000,1000,950435,951556,998678,1001,1121
2936733136c3e,0,27990524,pareto,300.000000,1.000000,1000,1002408,1003517,1043187,1000,1109
2936733136c3e,0,27990524,pareto,300.000000,1.000000,1000,1044264,1045362,1088345,1000,1098
2936733136c3e,0,27990524,pareto,300.000000,1.000000,1000,1089315,1090408,1129286,1003,1093
2936733136c3e,0,27990524,pareto,300.000000,1.000000,1000,1130226,1131346,1175952,1003,1120
2936733136c3e,0,27990524,pareto,300.000000,1.000000,1000,1176960,1178074,1221583,1005,1114
2936733136c3e,0,27990524,pareto,300.000000,1.000000,1000,1222635,1223760,1262806,1001,1125
2936733136c3e,0,27990524,pareto,300.000000,1.000000,1000,1263749,1264856,1307669,1003,1107
2936733136c3e,0,27990524,pareto,300.000000,1.000000,1000,1308612,1309732,1348681,1003,1120
2936733136c3e,0,27990524,pareto,300.000000,1.000000,1000,1349660,1350780,1395683,1003,1120
2936733136c3e,0,27990524,pareto,300.000000,1.000000,1000,1396651,1397768,1436709,1002,1117
2936733136c3e,0,27990524,pareto,300.000000,1.000000,1000,1437590,1438697,1477398,1006,1107
2936733136c3e,0,27990524,pareto,300.000000,1.000000,1000,1478345,1479438,1522108,1001,1093
2936733136c3e,0,27990524,pareto,300.000000,1.000000,1000,1523161,1524268,1563045,1000,1107
2936733136c3e,0,27990524,pareto,300.000000,1.000000,1000,1563972,1565080,1607813,1003,1108
2936733136c3e,0,27990524,pareto,300.000000,1.000000,1000,1608923,1610035,1648874,1000,1112
2936733136c3e,0,27990524,pareto,300.000000,1.000000,1000,1649871,1650996,1693664,1004,1125
2936733136c3e,0,27990524,pareto,300.000000,1.000000,1000,1694755,1695869,1734746,1000,1114
2936733136c3e,0,27990524,pareto,300.000000,1.000000,1000,1735713,1736833,1775771,1004,1120
2936733136c3e,0,27990524,pareto,300.000000,1.000000,1000,1776739,1777831,1820447,1001,1092
2936733136c3e,0,27990524,pareto,300.000000,1.000000,1000,1821470,1822582,1861511,1000,1112
2936733136c3e,0,27990524,pareto,300.000000,1.000000,1000,1862436,1863528,1906114,1003,1092
2936733136c3e,0,27990524,pareto,300.000000,1.000000,1000,1907001,1908109,1946873,1003,1108
2936733136c3e,0,27990524,pareto,300.000000,1.000000,1000,1947915,1949037,1991690,1000,1122
2936733136c3e,0,27990524,pareto,300.000000,1.000000,1000,1992654,1993763,2032557,1002,1109
2936733136c3e,0,27990524,pareto,300.000000,1.000000,1000,2033464,2034588,2073424,1007,1124
2936733136c3e,0,27990524,pareto,300.000000,1.000000,1000,2074288,2075394,2117971,1003,1106
2936733136c3e,0,27990524,pareto,300.000000,1.000000,1000,2119068,2120184,2214902,1000,1116
2936733136c3e,0,27990524,pareto,300.000000,1.000000,1000,2216037,2217142,2268540,1000,1105
2936733136c3e,0,27990524,pareto,300.000000,1.000000,1000,2269597,2270718,2309724,1001,1121
2936733136c3e,0,27990524,pareto,300.000000,1.000000,1000,2310841,2311963,2354754,1000,1122
2936733136c3e,0,27990524,pareto,300.000000,1.000000,1000,2355660,2356767,2395641,1008,1107
2936733136c3e,0,27990524,pareto,300.000000,1.000000,1000,2396571,2397663,2436466,1000,1092
2936733136c3e,0,27990524,pareto,300.000000,1.000000,1000,2437411,2438519,2481200,1004,1108
2936733136c3e,0,27990524,pareto,300.000000,1.000000,1000,2482292,2483384,2522318,1000,1092
2936733136c3e,0,27990524,pareto,300.000000,1.000000,1000,2523166,2524258,2566889,1001,1092
2936733136c3e,0,27990524,pareto,300.000000,1.000000,1000,2567989,2569081,2607937,1000,1092
2936733136c3e,0,27990524,pareto,300.000000,1.000000,1000,2608792,2609900,2652606,1002,1108
2936733136c3e,0,27990524,pareto,300.000000,1.000000,1000,2653575,2654683,2693631,1006,1108
2936733136c3e,0,27990524,pareto,300.000000,1.000000,1000,2694629,2695736,2734493,1000,1107
2936733136c3e,0,27990524,pareto,300.000000,1.000000,1000,2735280,2736387,2779103,1002,1107
2936733136c3e,0,27990524,pareto,300.000000,1.000000,1000,2780071,2781178,2820009,1001,1107
2936733136c3e,0,27990524,pareto,300.000000,1.000000,1000,2820999,2822122,2866860,1002,1123
2936733136c3e,0,27990524,pareto,300.000000,1.000000,1000,2867800,2868918,2907751,1004,1118
2936733136c3e,0,27990524,pareto,300.000000,1.000000,1000,2908779,2909870,2952707,1003,1091
2936733136c3e,0,27990524,pareto,300.000000,1.000000,1000,2953679,2954786,2993537,1001,1107
2936733136c3e,0,27990524,pareto,300.000000,1.000000,1000,2994420,2995528,3034271,1002,1108
2936733136c3e,0,27990524,pareto,300.000000,1.000000,1000,3035203,3036296,3078852,1000,1093
2936733136c3e,0,27990524,pareto,300.000000,1.000000,1000,3079819,3080934,3119800,1003,1115
2936733136c3e,0,27990524,pareto,300.000000,1.000000,1000,3120805,3121928,3184473,1001,1123
2936733136c3e,0,27990524,pareto,300.000000,1.000000,1000,3186017,3187155,3223768,1000,1138
2936733136c3e,0,27990524,pareto,300.000000,1.000000,1000,3224533,3225611,3258882,1002,1078
2936733136c3e,0,27990524,pareto,300.000000,1.000000,1000,3259715,3260793,3289951,1000,1078
2936733136c3e,0,27990524,pareto,300.000000,1.000000,1000,3290625,3291708,3320757,1003,1083
2936733136c3e,0,27990524,pareto,300.000000,1.000000,1000,3321368,3322448,3354577,1002,1080
2936733136c3e,0,27990524,pareto,300.000000,1.000000,1000,3355370,3356455,3385556,1000,1085
2936733136c3e,0,27990524,pareto,300.000000,1.000000,1000,3386278,3387378,3419638,1008,1100
2936733136c3e,0,27990524,pareto,300.000000,1.000000,1000,3423270,3424358,3454083,1000,1088
2936733136c3e,0,27990524,pareto,300.000000,1.000000,1000,3454855,3455935,3488360,1003,1080
2936733136c3e,0,27990524,pareto,300.000000,1.000000,1000,3489172,3490256,3519341,1000,1084
2936733136c3e,0,27990524,pareto,300.000000,1.000000,1000,3520082,3521160,3550270,1001,1078
2936733136c3e,0,27990524,pareto,300.000000,1.000000,1000,3550887,3551965,3583955,1003,1078
2936733136c3e,0,27990524,pareto,300.000000,1.000000,1000,3584587,3585665,3614747,1004,1078
2936733136c3e,0,27990524,pareto,300.000000,1.000000,1000,3615435,3616519,3648473,1004,1084
2936733136c3e,0,27990524,pareto,300.000000,1.000000,1000,3649257,3650341,3679412,1000,1084
2936733136c3e,0,27990524,pareto,300.000000,1.000000,1000,3680034,3681116,3713153,1001,1082
2936733136c3e,0,27990524,pareto,300.000000,1.000000,1000,3713798,3714882,3743964,1005,1084
2936733136c3e,0,27990524,pareto,300.000000,1.000000,1000,3744749,3745837,3774855,1002,1088
2936733136c3e,0,27990524,pareto,300.000000,1.000000,1000,3775513,3776602,3808643,1003,1089
2936733136c3e,0,27990524,pareto,300.000000,1.000000,1000,3809340,3810420,3839452,1002,1080
2936733136c3e,0,27990524,pareto,300.000000,1.000000,1000,3840205,3841289,3877016,1006,1084
2936733136c3e,0,27990524,pareto,300.000000,1.000000,1000,3877760,3878844,3907927,1003,1084
2936733136c3e,0,27990524,pareto,300.000000,1.000000,1000,3908738,3909816,3943486,1000,1078
2936733136c3e,0,27990524,pareto,300.000000,1.000000,1000,3944311,3945388,3974509,1000,1077
2936733136c3e,0,27990524,pareto,300.000000,1.000000,1000,3975223,3976312,4008445,1004,1089
2936733136c3e,0,27990524,pareto,300.000000,1.000000,1000,4009203,4010288,4039310,1000,1085
2936733136c3e,0,27990524,pareto,300.000000,1.000000,1000,4040050,4041140,4070255,1006,1090
2936733136c3e,0,27990524,pareto,300.000000,1.000000,1000,4071120,4072209,4104242,1001,1089
2936733136c3e,0,27990524,pareto,300.000000,1.000000,1000,4104904,4105984,4135143,1001,1080
2936733136c3e,0,27990524,pareto,300.000000,1.000000,1000,4135917,4136995,4175355,1001,1078
2936733136c3e,0,27990524,pareto,300.000000,1.000000,1000,4176240,4177327,4206696,1001,1087
2936733136c3e,0,27990524,pareto,300.000000,1.000000,1000,4207390,4208479,4240850,1003,1089
2936733136c3e,0,27990524,pareto,300.000000,1.000000,1000,4241615,4242708,4271923,1005,1093
2936733136c3e,0,27990524,pareto,300.000000,1.000000,1000,4272723,4273801,4302868,1004,1078
2936733136c3e,0,27990524,pareto,300.000000,1.000000,1000,4303613,4304691,4336790,1008,1078
2936733136c3e,0,27990524,pareto,300.000000,1.000000,1000,4337575,4338668,4367805,1006,1093
2936733136c3e,0,27990524,pareto,300.000000,1.000000,1000,4368483,4369571,4401722,1002,1088
2936733136c3e,0,27990524,pareto,300.000000,1.000000,1000,4402453,4403543,4432598,1012,1090
2936733136c3e,0,27990524,pareto,300.000000,1.000000,1000,4433318,4434402,4466582,1007,1084
2936733136c3e,0,27990524,pareto,300.000000,1.000000,1000,4467232,4468314,4497383,1002,1082
2936733136c3e,0,27990524,pareto,300.000000,1.000000,1000,4498167,4499250,4528400,1000,1083
2936733136c3e,0,27990524,pareto,300.000000,1.000000,1000,4529116,4530200,4562272,1002,1084
2936733136c3e,0,27990524,pareto,300.000000,1.000000,1000,4563078,4564160,4593325,1000,1082
2936733136c3e,0,27990524,pareto,300.000000,1.000000,1000,4594086,4595164,4627184,1001,1078
2936733136c3e,0,27990524,pareto,300.000000,1.000000,1000,4627953,4629035,4658092,1003,1082
2936733136c3e,0,27990524,pareto,300.000000,1.000000,1000,4658726,4659810,4691860,1001,1084
2936733136c3e,0,27990524,pareto,300.000000,1.000000,1000,4692657,4693746,4722942,1000,1089
2936733136c3e,0,27990524,pareto,300.000000,1.000000,1000,4723735,4724817,4753897,1000,1082
2936733136c3e,0,27990524,pareto,300.000000,1.000000,1000,4754632,4755716,4787759,1002,1084
2936733136c3e,0,27990524,pareto,300.000000,1.000000,1000,4788540,4789619,4818687,1001,1079
2936733136c3e,0,27990524,pareto,300.000000,1.000000,1000,4819364,4820431,4852451,1001,1067
2936733136c3e,0,27990524,pareto,300.000000,1.000000,1000,4853162,4854242,4883309,1001,1080
2936733136c3e,0,27990524,pareto,300.000000,1.000000,1000,4884077,4885159,4917198,1000,1082
2936733136c3e,0,27990524,pareto,300.000000,1.000000,1000,4917864,4918942,4948052,1006,1078
2936733136c3e,0,27990524,pareto,300.000000,1.000000,1000,4948751,4949831,4978923,1004,1080
2936733136c3e,0,27990524,pareto,300.000000,1.000000,1000,4979839,4980919,5018491,1001,1080
2936733136c3e,0,27990524,pareto,300.000000,1.000000,1000,5019318,5020405,5049654,1003,1087
2936733136c3e,0,27990524,pareto,300.000000,1.000000,1000,5050477,5051563,5083896,1000,1086
2936733136c3e,0,27990524,pareto,300.000000,1.000000,1000,5084668,5085747,5114860,1006,1079
2936733136c3e,0,27990524,pareto,300.000000,1.000000,1000,5115586,5116653,5202523,1000,1067
2936733136c3e,0,27990524,pareto,300.000000,1.000000,1000,5203299,5204385,5233958,1002,1086
2936733136c3e,0,27990524,pareto,300.000000,1.000000,1000,5234562,5235640,5264716,1002,1078
2936733136c3e,0,27990524,pareto,300.000000,1.000000,1000,5265410,5266477,5298937,1003,1067
2936733136c3e,0,27990524,pareto,300.000000,1.000000,1000,5299691,5300773,5329847,1003,1082
2936733136c3e,0,27990524,pareto,300.000000,1.000000,1000,5330665,5331754,5363823,1000,1089
2936733136c3e,0,27990524,pareto,300.000000,1.000000,1000,5364539,5365634,5394780,1002,1095
2936733136c3e,0,27990524,pareto,300.000000,1.000000,1000,5395449,5396537,5428590,1004,1088
2936733136c3e,0,27990524,pareto,300.000000,1.000000,1000,5429412,5430493,5459671,1000,1081
2936733136c3e,0,27990524,pareto,300.000000,1.000000,1000,5460449,5461537,5490690,1000,1088
2936733136c3e,0,27990524,pareto,300.000000,1.000000,1000,5491460,5492539,5524545,1007,1079
2936733136c3e,0,27990524,pareto,300.000000,1.000000,1000,5525303,5526381,5555465,1000,1078
2936733136c3e,0,27990524,pareto,300.000000,1.000000,1000,5556295,5557383,5589388,1000,1088
2936733136c3e,0,27990524,pareto,300.000000,1.000000,1000,5590059,5591141,5620231,1005,1082
2936733136c3e,0,27990524,pareto,300.000000,1.000000,1000,5620864,5621959,5654082,1012,1095
2936733136c3e,0,27990524,pareto,300.000000,1.000000,1000,5654926,5656004,5685082,1000,1078
2936733136c3e,0,27990524,pareto,300.000000,1.000000,1000,5685859,5686941,5716038,1000,1082
2936733136c3e,0,27990524,pareto,300.000000,1.000000,1000,5716836,5717920,5750004,1003,1084
2936733136c3e,0,27990524,pareto,300.000000,1.000000,1000,5750737,5751815,5780904,1000,1078
2936733136c3e,0,27990524,pareto,300.000000,1.000000,1000,5781615,5782710,5814754,1009,1095
2936733136c3e,0,27990524,pareto,300.000000,1.000000,1000,5815467,5816554,5845723,1002,1087
2936733136c3e,0,27990524,pareto,300.000000,1.000000,1000,5846441,5847508,5879492,1001,1067
2936733136c3e,0,27990524,pareto,300.000000,1.000000,1000,5880270,5881344,5910464,1001,1074
2936733136c3e,0,27990524,pareto,300.000000,1.000000,1000,5911116,5912183,5941183,1003,1067
2936733136c3e,0,27990524,pareto,300.000000,1.000000,1000,5941790,5942868,5975010,1010,1078
2936733136c3e,0,27990524,pareto,300.000000,1.000000,1000,5975734,5976812,6005849,1006,1078
2936733136c3e,0,27990524,pareto,300.000000,1.000000,1000,6006522,6007615,6039658,1014,1093
2936733136c3e,0,27990524,pareto,300.000000,1.000000,1000,6040432,6041510,6070556,1002,1078
2936733136c3e,0,27990524,pareto,300.000000,1.000000,1000,6071366,6072433,6105798,1000,1067
2936733136c3e,0,27990524,pareto,300.000000,1.000000,1000,6106525,6107603,6136668,1002,1078
2936733136c3e,0,27990524,pareto,300.000000,1.000000,1000,6137341,6141718,6171866,1003,4377
2936733136c3e,0,27990524,pareto,300.000000,1.000000,1000,6172596,6173679,6206054,1002,1083
2936733136c3e,0,27990524,pareto,300.000000,1.000000,1000,6206755,6207833,6236932,1000,1078
2936733136c3e,0,27990524,pareto,300.000000,1.000000,1000,6237645,6238728,6274091,1000,1083
2936733136c3e,0,27990524,pareto,300.000000,1.000000,1000,6274742,6275824,6304928,1002,1082
2936733136c3e,0,27990524,pareto,300.000000,1.000000,1000,6305590,6306672,6338917,1005,1082
2936733136c3e,0,27990524,pareto,300.000000,1.000000,1000,6339642,6340724,6369788,1004,1082
2936733136c3e,0,27990524,pareto,300.000000,1.000000,1000,6370523,6371603,6400733,1004,1080
2936733136c3e,0,27990524,pareto,300.000000,1.000000,1000,6401530,6402610,6434623,1001,1080
2936733136c3e,0,27990524,pareto,300.000000,1.000000,1000,6435292,6436370,6465433,1001,1078
2936733136c3e,0,27990524,pareto,300.000000,1.000000,1000,6466071,6467154,6499118,1003,1083
2936733136c3e,0,27990524,pareto,300.000000,1.000000,1000,6499958,6501046,6530193,1000,1088
2936733136c3e,0,27990524,pareto,300.000000,1.000000,1000,6530923,6532003,6564109,1002,1080
2936733136c3e,0,27990524,pareto,300.000000,1.000000,1000,6564872,6565954,6594961,1000,1082
2936733136c3e,0,27990524,pareto,300.000000,1.000000,1000,6595656,6596736,6625877,1000,1080
2936733136c3e,0,27990524,pareto,300.000000,1.000000,1000,6626658,6627740,6659770,1000,1082
2936733136c3e,0,27990524,pareto,300.000000,1.000000,1000,6660499,6661581,6690715,1004,1082
2936733136c3e,0,27990524,pareto,300.000000,1.000000,1000,6691379,6692459,6724524,1003,1080
2936733136c3e,0,27990524,pareto,300.000000,1.000000,1000,6725308,6726386,6755487,1001,1078
2936733136c3e,0,27990524,pareto,300.000000,1.000000,1000,6756132,6757213,6789278,1002,1081
2936733136c3e,0,27990524,pareto,300.000000,1.000000,1000,6789937,6791015,6820087,1002,1078
2936733136c3e,0,27990524,pareto,300.000000,1.000000,1000,6823661,6824748,6854395,1001,1087
2936733136c3e,0,27990524,pareto,300.000000,1.000000,1000,6855055,6856133,6888398,1001,1078
2936733136c3e,0,27990524,pareto,300.000000,1.000000,1000,6889158,6890236,6919320,1000,1078
2936733136c3e,0,27990524,pareto,300.000000,1.000000,1000,6920075,6921153,6953239,1001,1078
2936733136c3e,0,27990524,pareto,300.000000,1.000000,1000,6953959,6955041,6984082,1004,1082
2936733136c3e,0,27990524,pareto,300.000000,1.000000,1000,6984751,6985831,7018052,1003,1080
2936733136c3e,0,27990524,pareto,300.000000,1.000000,1000,7018751,7019837,7048982,1004,1086
2936733136c3e,0,27990524,pareto,300.000000,1.000000,1000,7049712,7050790,7079857,1000,1078
2936733136c3e,0,27990524,pareto,300.000000,1.000000,1000,7080519,7081615,7115000,1010,1096
2936733136c3e,0,27990524,pareto,300.000000,1.000000,1000,7115660,7116740,7149696,1002,1080
2936733136c3e,0,27990524,pareto,300.000000,1.000000,1000,7150527,7151605,7184182,1001,1078
2936733136c3e,0,27990524,pareto,300.000000,1.000000,1000,7184907,7185985,7215123,1001,1078
2936733136c3e,0,27990524,pareto,300.000000,1.000000,1000,7215785,7216869,7249110,1002,1084
2936733136c3e,0,27990524,pareto,300.000000,1.000000,1000,7249795,7250873,7279936,1001,1078
2936733136c3e,0,27990524,pareto,300.000000,1.000000,1000,7280553,7281631,7310623,1002,1078
2936733136c3e,0,27990524,pareto,300.000000,1.000000,1000,7311356,7312423,7344516,1001,1067
2936733136c3e,0,27990524,pareto,300.000000,1.000000,1000,7345195,7346273,7375355,1003,1078
2936733136c3e,0,27990524,pareto,300.000000,1.000000,1000,7376047,7377130,7409177,1000,1083
2936733136c3e,0,27990524,pareto,300.000000,1.000000,1000,7409848,7410928,7440031,1005,1080
2936733136c3e,0,27990524,pareto,300.000000,1.000000,1000,7440681,7441759,7473927,1012,1078
2936733136c3e,0,27990524,pareto,300.000000,1.000000,1000,7474584,7475665,7504753,1005,1081
2936733136c3e,0,27990524,pareto,300.000000,1.000000,1000,7505372,7506450,7535425,1011,1078
2936733136c3e,0,27990524,pareto,300.000000,1.000000,1000,7536171,7537238,7572946,1000,1067
2936733136c3e,0,27990524,pareto,300.000000,1.000000,1000,7573861,7574950,7604122,1000,1089
2936733136c3e,0,27990524,pareto,300.000000,1.000000,1000,7604885,7605964,7638160,1000,1079
2936733136c3e,0,27990524,pareto,300.000000,1.000000,1000,7638917,7639995,7669036,1007,1078
2936733136c3e,0,27990524,pareto,300.000000,1.000000,1000,7669870,7670958,7703263,1000,1088
2936733136c3e,0,27990524,pareto,300.000000,1.000000,1000,7703927,7705007,7734091,1001,1080
2936733136c3e,0,27990524,pareto,300.000000,1.000000,1000,7734809,7735904,7765034,1009,1095
2936733136c3e,0,27990524,pareto,300.000000,1.000000,1000,7765653,7766731,7798732,1011,1078
2936733136c3e,0,27990524,pareto,300.000000,1.000000,1000,7799490,7800568,7829749,1000,1078
2936733136c3e,0,27990524,pareto,300.000000,1.000000,1000,7830363,7831441,7863452,1008,1078
2936733136c3e,0,27990524,pareto,300.000000,1.000000,1000,7864107,7865186,7894269,1005,1079
2936733136c3e,0,27990524,pareto,300.000000,1.000000,1000,7894995,7896090,7928230,1008,1095
2936733136c3e,0,27990524,pareto,300.000000,1.000000,1000,7928968,7930047,7959093,1009,1079
2936733136c3e,0,27990524,pareto,300.000000,1.000000,1000,7959730,7960816,7989904,1001,1086
2936733136c3e,0,27990524,pareto,300.000000,1.000000,1000,7990605,7991682,8023674,1002,1077
2936733136c3e,0,27990524,pareto,300.000000,1.000000,1000,8024404,8025483,8054540,1009,1079
2936733136c3e,0,27990524,pareto,300.000000,1.000000,1000,8055210,8056275,8088296,1001,1065
2936733136c3e,0,27990524,pareto,300.000000,1.000000,1000,8088988,8090066,8119131,1000,1078
2936733136c3e,0,27990524,pareto,300.000000,1.000000,1000,8119795,8120878,8212265,1003,1083
2936733136c3e,0,27990524,pareto,300.000000,1.000000,1000,8213079,8214160,8243702,1003,1081
2936733136c3e,0,27990524,pareto,300.000000,1.000000,1000,8244394,8245460,8277959,1001,1066
2936733136c3e,0,27990524,pareto,300.000000,1.000000,1000,8278601,8279682,8308774,1008,1081
2936733136c3e,0,27990524,pareto,300.000000,1.000000,1000,8309440,8310527,8339749,1001,1087
2936733136c3e,0,27990524,pareto,300.000000,1.000000,1000,8340418,8341502,8373576,1005,1084
2936733136c3e,0,27990524,pareto,300.000000,1.000000,1000,8374349,8375438,8404668,1010,1089
2936733136c3e,0,27990524,pareto,300.000000,1.000000,1000,8405465,8406543,8438505,1013,1078
2936733136c3e,0,27990524,pareto,300.000000,1.000000,1000,8439176,8440264,8469477,1004,1088
2936733136c3e,0,27990524,pareto,300.000000,1.000000,1000,8470319,8471399,8503537,1000,1080
2936733136c3e,0,27990524,pareto,300.000000,1.000000,1000,8504195,8505277,8534368,1001,1082
2936733136c3e,0,27990524,pareto,300.000000,1.000000,1000,8535099,8536179,8565318,1005,1080
2936733136c3e,0,27990524,pareto,300.000000,1.000000,1000,8566112,8567194,8602225,1000,1082
2936733136c3e,0,27990524,pareto,300.000000,1.000000,1000,8602955,8604033,8633143,1001,1078
2936733136c3e,0,27990524,pareto,300.000000,1.000000,1000,8633946,8635012,8667094,1000,1066
2936733136c3e,0,27990524,pareto,300.000000,1.000000,1000,8667788,8668872,8697907,1004,1084
2936733136c3e,0,27990524,pareto,300.000000,1.000000,1000,8698565,8699652,8731738,1004,1087
2936733136c3e,0,27990524,pareto,300.000000,1.000000,1000,8732516,8733596,8762607,1001,1080
2936733136c3e,0,27990524,pareto,300.000000,1.000000,1000,8763242,8764322,8793414,1005,1080
2936733136c3e,0,27990524,pareto,300.000000,1.000000,1000,8794134,8795216,8827228,1001,1082
2936733136c3e,0,27990524,pareto,300.000000,1.000000,1000,8828006,8829101,8858268,1009,1095
2936733136c3e,0,27990524,pareto,300.000000,1.000000,1000,8858901,8859968,8892101,1001,1067
2936733136c3e,0,27990524,pareto,300.000000,1.000000,1000,8892757,8893835,8922878,1002,1078
2936733136c3e,0,27990524,pareto,300.000000,1.000000,1000,8923671,8924751,8956836,1000,1080
2936733136c3e,0,27990524,pareto,300.000000,1.000000,1000,8957507,8958586,8987671,1001,1079
2936733136c3e,0,27990524,pareto,300.000000,1.000000,1000,8988309,8989389,9018510,1006,1080
2936733136c3e,0,27990524,pareto,300.000000,1.000000,1000,9019161,9020241,9052317,1008,1080
2936733136c3e,0,27990524,pareto,300.000000,1.000000,1000,9053080,9054166,9083323,1005,1086
2936733136c3e,0,27990524,pareto,300.000000,1.000000,1000,9083968,9085046,9117139,1006,1078
2936733136c3e,0,27990524,pareto,300.000000,1.000000,1000,9117986,9119064,9152286,1000,1078
2936733136c3e,0,27990524,pareto,300.000000,1.000000,1000,9153106,9154172,9186926,1001,1066
2936733136c3e,0,27990524,pareto,300.000000,1.000000,1000,9187666,9188746,9217854,1001,1080
2936733136c3e,0,27990524,pareto,300.000000,1.000000,1000,9218520,9219606,9248781,1002,1086
2936733136c3e,0,27990524,pareto,300.000000,1.000000,1000,9249513,9250598,9284058,1000,1085
2936733136c3e,0,27990524,pareto,300.000000,1.000000,1000,9284707,9285796,9314921,1010,1089
2936733136c3e,0,27990524,pareto,300.000000,1.000000,1000,9315651,9316718,9348859,1000,1067
2936733136c3e,0,27990524,pareto,300.000000,1.000000,1000,9349619,9350725,9379998,1016,1106
2936733136c3e,0,27990524,pareto,300.000000,1.000000,1000,9380851,9381939,9414075,1000,1088
2936733136c3e,0,27990524,pareto,300.000000,1.000000,1000,9414754,9415832,9444970,1005,1078
2936733136c3e,0,27990524,pareto,300.000000,1.000000,1000,9445664,9446748,9475846,1001,1084
2936733136c3e,0,27990524,pareto,300.000000,1.000000,1000,9476548,9477614,9509653,1000,1066
2936733136c3e,0,27990524,pareto,300.000000,1.000000,1000,9510323,9511401,9540490,1001,1078
2936733136c3e,0,27990524,pareto,300.000000,1.000000,1000,9541171,9542249,9574231,1002,1078
2936733136c3e,0,27990524,pareto,300.000000,1.000000,1000,9574936,9576014,9605044,1003,1078
2936733136c3e,0,27990524,pareto,300.000000,1.000000,1000,9605700,9606784,9638813,1003,1084
2936733136c3e,0,27990524,pareto,300.000000,1.000000,1000,9639496,9640574,9669592,1007,1078
2936733136c3e,0,27990524,pareto,300.000000,1.000000,1000,9670363,9671446,9700637,1000,1083
2936733136c3e,0,27990524,pareto,300.000000,1.000000,1000,9701382,9702460,9734487,1000,1078
2936733136c3e,0,27990524,pareto,300.000000,1.000000,1000,9735123,9736201,9765302,1002,1078
2936733136c3e,0,27990524,pareto,300.000000,1.000000,1000,9766029,9767096,9799090,1000,1067
2936733136c3e,0,27990524,pareto,300.000000,1.000000,1000,9799729,9800809,9829927,1002,1080
2936733136c3e,0,27990524,pareto,300.000000,1.000000,1000,9830538,9831605,9863544,1002,1067
2936733136c3e,0,27990524,pareto,300.000000,1.000000,1000,9864313,9865391,9894469,1000,1078
2936733136c3e,0,27990524,pareto,300.000000,1.000000,1000,9895135,9896217,9925377,1001,1082
2936733136c3e,0,27990524,pareto,300.000000,1.000000,1000,9926090,9927179,9959220,1013,1089
2936733136c3e,0,27990524,pareto,300.000000,1.000000,1000,9959940,9961018,9990087,1003,1078
2936733136c3e,0,27990524,pareto,300.000000,1.000000,1000,9990756,9991823,10023965,1000,1067
2936733136c3e,0,27990524,pareto,300.000000,1.000000,1000,10024644,10025722,10054774,1000,1078
2936733136c3e,0,27990524,pareto,300.000000,1.000000,1000,10055387,10056465,10092008,1002,1078
2936733136c3e,0,27990524,pareto,300.000000,1.000000,1000,10092833,10093926,10123126,1000,1093
2936733136c3e,0,27990524,pareto,300.000000,1.000000,1000,10123758,10124836,10158199,1001,1078
2936733136c3e,0,27990524,pareto,300.000000,1.000000,1000,10158917,10159991,10192521,1004,1074
2936733136c3e,0,27990524,pareto,300.000000,1.000000,1000,10195945,10197019,10226774,1001,1074
2936733136c3e,0,27990524,pareto,300.000000,1.000000,1000,10227470,10228548,10262025,1004,1078
2936733136c3e,0,27990524,pareto,300.000000,1.000000,1000,10262761,10263845,10293025,1001,1084
2936733136c3e,0,27990524,pareto,300.000000,1.000000,1000,10293658,10294736,10326755,1004,1078
2936733136c3e,0,27990524,pareto,300.000000,1.000000,1000,10327422,10328502,10357545,1001,1080
2936733136c3e,0,27990524,pareto,300.000000,1.000000,1000,10358268,10359350,10388502,1000,1082
2936733136c3e,0,27990524,pareto,300.000000,1.000000,1000,10389225,10390303,10422560,1005,1078
2936733136c3e,0,27990524,pareto,300.000000,1.000000,1000,10423302,10424391,10453522,1002,1089
2936733136c3e,0,27990524,pareto,300.000000,1.000000,1000,10454158,10455225,10487149,1002,1067
2936733136c3e,0,27990524,pareto,300.000000,1.000000,1000,10487792,10488870,10517894,1004,1078
2936733136c3e,0,27990524,pareto,300.000000,1.000000,1000,10518594,10519672,10551617,1005,1078
2936733136c3e,0,27990524,pareto,300.000000,1.000000,1000,10552368,10553447,10582491,1000,1079
2936733136c3e,0,27990524,pareto,300.000000,1.000000,1000,10583205,10584289,10613448,1003,1084
2936733136c3e,0,27990524,pareto,300.000000,1.000000,1000,10614080,10615158,10647290,1003,1078
2936733136c3e,0,27990524,pareto,300.000000,1.000000,1000,10647941,10649019,10678086,1003,1078
2936733136c3e,0,27990524,pareto,300.000000,1.000000,1000,10678696,10679774,10711831,1010,1078
2936733136c3e,0,27990524,pareto,300.000000,1.000000,1000,10712555,10713633,10742683,1002,1078
2936733136c3e,0,27990524,pareto,300.000000,1.000000,1000,10743414,10744496,10776601,1003,1082
2936733136c3e,0,27990524,pareto,300.000000,1.000000,1000,10777304,10778391,10807498,1001,1087
2936733136c3e,0,27990524,pareto,300.000000,1.000000,1000,10808152,10809230,10838263,1003,1078
2936733136c3e,0,27990524,pareto,300.000000,1.000000,1000,10838882,10839949,10875070,1001,1067
2936733136c3e,0,27990524,pareto,300.000000,1.000000,1000,10875856,10876935,10906008,1000,1079
2936733136c3e,0,27990524,pareto,300.000000,1.000000,1000,10906651,10907729,10939766,1007,1078
2936733136c3e,0,27990524,pareto,300.000000,1.000000,1000,10940426,10941519,10970583,1008,1093
2936733136c3e,0,27990524,pareto,300.000000,1.000000,1000,10971201,10972268,11004202,1002,1067
2936733136c3e,0,27990524,pareto,300.000000,1.000000,1000,11004866,11005944,11034986,1002,1078
2936733136c3e,0,27990524,pareto,300.000000,1.000000,1000,11035629,11036709,11065851,1001,1080
2936733136c3e,0,27990524,pareto,300.000000,1.000000,1000,11066674,11067753,11099825,1000,1079
2936733136c3e,0,27990524,pareto,300.000000,1.000000,1000,11100532,11101612,11130715,1000,1080
2936733136c3e,0,27990524,pareto,300.000000,1.000000,1000,11131337,11132415,11216269,1002,1078
2936733136c3e,0,27990524,pareto,300.000000,1.000000,1000,11217207,11218292,11247830,1000,1085
2936733136c3e,0,27990524,pareto,300.000000,1.000000,1000,11248522,11249611,11282366,1002,1089
2936733136c3e,0,27990524,pareto,300.000000,1.000000,1000,11283013,11284093,11313252,1001,1080
2936733136c3e,0,27990524,pareto,300.000000,1.000000,1000,11314041,11315125,11344306,1000,1084
2936733136c3e,0,27990524,pareto,300.000000,1.000000,1000,11345047,11346131,11379621,1005,1084
2936733136c3e,0,27990524,pareto,300.000000,1.000000,1000,11380414,11381499,11410722,1001,1085
2936733136c3e,0,27990524,pareto,300.000000,1.000000,1000,11411434,11412501,11444557,1001,1067
2936733136c3e,0,27990524,pareto,300.000000,1.000000,1000,11445226,11446304,11475433,1001,1078
2936733136c3e,0,27990524,pareto,300.000000,1.000000,1000,11476157,11477239,11509390,1001,1082
2936733136c3e,0,27990524,pareto,300.000000,1.000000,1000,11510119,11511198,11540319,1001,1079
2936733136c3e,0,27990524,pareto,300.000000,1.000000,1000,11540973,11542053,11571193,1002,1080
2936733136c3e,0,27990524,pareto,300.000000,1.000000,1000,11571889,11572971,11605036,1003,1082
2936733136c3e,0,27990524,pareto,300.000000,1.000000,1000,11605731,11606810,11635910,1000,1079
2936733136c3e,0,27990524,pareto,300.000000,1.000000,1000,11636523,11637601,11669623,1002,1078
2936733136c3e,0,27990524,pareto,300.000000,1.000000,1000,11670321,11671406,11700569,1005,1085
2936733136c3e,0,27990524,pareto,300.000000,1.000000,1000,11701418,11702502,11734893,1000,1084
2936733136c3e,0,27990524,pareto,300.000000,1.000000,1000,11735542,11736622,11765717,1005,1080
2936733136c3e,0,27990524,pareto,300.000000,1.000000,1000,11766368,11767452,11796558,1002,1084
2936733136c3e,0,27990524,pareto,300.000000,1.000000,1000,11797312,11798405,11830449,1011,1093
2936733136c3e,0,27990524,pareto,300.000000,1.000000,1000,11831117,11832197,11861286,1003,1080
2936733136c3e,0,27990524,pareto,300.000000,1.000000,1000,11861907,11862985,11895121,1005,1078
2936733136c3e,0,27990524,pareto,300.000000,1.000000,1000,11895908,11896988,11926117,1001,1080
2936733136c3e,0,27990524,pareto,300.000000,1.000000,1000,11926738,11927816,11959956,1003,1078
2936733136c3e,0,27990524,pareto,300.000000,1.000000,1000,11960699,11961777,11990879,1001,1078
2936733136c3e,0,27990524,pareto,300.000000,1.000000,1000,11991597,11992679,12021772,1001,1082
2936733136c3e,0,27990524,pareto,300.000000,1.000000,1000,12022487,12023569,12055628,1000,1082
2936733136c3e,0,27990524,pareto,300.000000,1.000000,1000,12056299,12057377,12086525,1002,1078
2936733136c3e,0,27990524,pareto,300.000000,1.000000,1000,12087183,12088265,12120277,1008,1082
2936733136c3e,0,27990524,pareto,300.000000,1.000000,1000,12120932,12122012,12154604,1001,1080
2936733136c3e,0,27990524,pareto,300.000000,1.000000,1000,12155459,12156537,12189286,1000,1078
2936733136c3e,0,27990524,pareto,300.000000,1.000000,1000,12189989,12191067,12220204,1004,1078
2936733136c3e,0,27990524,pareto,300.000000,1.000000,1000,12220832,12221910,12250984,1002,1078
2936733136c3e,0,27990524,pareto,300.000000,1.000000,1000,12251603,12252670,12284709,1003,1067
2936733136c3e,0,27990524,pareto,300.000000,1.000000,1000,12285391,12286480,12315656,1003,1089
2936733136c3e,0,27990524,pareto,300.000000,1.000000,1000,12316402,12317492,12349562,1001,1090
2936733136c3e,0,27990524,pareto,300.000000,1.000000,1000,12350277,12351357,12380508,1000,1080
2936733136c3e,0,27990524,pareto,300.000000,1.000000,1000,12381177,12382244,12415745,1000,1067
2936733136c3e,0,27990524,pareto,300.000000,1.000000,1000,12416465,12417551,12446744,1004,1086
2936733136c3e,0,27990524,pareto,300.000000,1.000000,1000,12447411,12448478,12480586,1001,1067
2936733136c3e,0,27990524,pareto,300.000000,1.000000,1000,12481287,12482379,12511382,1012,1092
2936733136c3e,0,27990524,pareto,300.000000,1.000000,1000,12512111,12513202,12542299,1012,1091
2936733136c3e,0,27990524,pareto,300.000000,1.000000,1000,12543006,12544086,12576093,1003,1080
2936733136c3e,0,27990524,pareto,300.000000,1.000000,1000,12576779,12577857,12606885,1005,1078
2936733136c3e,0,27990524,pareto,300.000000,1.000000,1000,12607584,12608668,12644145,1000,1084
2936733136c3e,0,27990524,pareto,300.000000,1.000000,1000,12644860,12645944,12675207,1003,1084
2936733136c3e,0,27990524,pareto,300.000000,1.000000,1000,12675927,12677013,12709100,1000,1086
2936733136c3e,0,27990524,pareto,300.000000,1.000000,1000,12709753,12710835,12739907,1005,1082
2936733136c3e,0,27990524,pareto,300.000000,1.000000,1000,12740522,12741601,12770643,1003,1079
2936733136c3e,0,27990524,pareto,300.000000,1.000000,1000,12771269,12772336,12804384,1001,1067
2936733136c3e,0,27990524,pareto,300.000000,1.000000,1000,12805091,12806169,12835313,1002,1078
2936733136c3e,0,27990524,pareto,300.000000,1.000000,1000,12835934,12837012,12869137,1006,1078
2936733136c3e,0,27990524,pareto,300.000000,1.000000,1000,12869795,12870873,12899933,1005,1078
2936733136c3e,0,27990524,pareto,300.000000,1.000000,1000,12900587,12901654,12933685,1000,1067
2936733136c3e,0,27990524,pareto,300.000000,1.000000,1000,12934352,12935442,12964535,1012,1090
2936733136c3e,0,27990524,pareto,300.000000,1.000000,1000,12965158,12966236,12995336,1003,1078
2936733136c3e,0,27990524,pareto,300.000000,1.000000,1000,12995996,12997063,13029094,1000,1067
2936733136c3e,0,27990524,pareto,300.000000,1.000000,1000,13029807,13030885,13060008,1002,1078
2936733136c3e,0,27990524,pareto,300.000000,1.000000,1000,13060738,13061804,13093948,1000,1066
2936733136c3e,0,27990524,pareto,300.000000,1.000000,1000,13094601,13095679,13124780,1005,1078
2936733136c3e,0,27990524,pareto,300.000000,1.000000,1000,13125380,13126458,13170453,1002,1078
2936733136c3e,0,27990524,pareto,300.000000,1.000000,1000,13171411,13172523,13202522,1000,1112
2936733136c3e,0,27990524,pareto,300.000000,1.000000,1000,13203212,13204290,13233606,1005,1078
2936733136c3e,0,27990524,pareto,300.000000,1.000000,1000,13234257,13235335,13264735,1000,1078
2936733136c3e,0,27990524,pareto,300.000000,1.000000,1000,13265257,13266307,13286697,1001,1050
2936733136c3e,0,27990524,pareto,300.000000,1.000000,1000,13287144,13288204,13310774,1001,1060
2936733136c3e,0,27990524,pareto,300.000000,1.000000,1000,13311312,13312371,13332720,1000,1059
2936733136c3e,0,27990524,pareto,300.000000,1.000000,1000,13333152,13334214,13356721,1006,1062
2936733136c3e,0,27990524,pareto,300.000000,1.000000,1000,13357174,13358232,13378574,1006,1058
2936733136c3e,0,27990524,pareto,300.000000,1.000000,1000,13379025,13380090,13400451,1002,1065
2936733136c3e,0,27990524,pareto,300.000000,1.000000,1000,13400989,13402051,13425523,1000,1062
2936733136c3e,0,27990524,pareto,300.000000,1.000000,1000,13426081,13427143,13447534,1000,1062
2936733136c3e,0,27990524,pareto,300.000000,1.000000,1000,13447978,13449035,13471566,1005,1057
2936733136c3e,0,27990524,pareto,300.000000,1.000000,1000,13474026,13475104,13495890,1021,1078
2936733136c3e,0,27990524,pareto,300.000000,1.000000,1000,13496324,13497394,13520047,1008,1070
2936733136c3e,0,27990524,pareto,300.000000,1.000000,1000,13520488,13521539,13541889,1002,1051
2936733136c3e,0,27990524,pareto,300.000000,1.000000,1000,13542331,13543379,13563705,1002,1048
2936733136c3e,0,27990524,pareto,300.000000,1.000000,1000,13564142,13565196,13587734,1003,1054
2936733136c3e,0,27990524,pareto,300.000000,1.000000,1000,13588182,13589242,13609587,1009,1060
2936733136c3e,0,27990524,pareto,300.000000,1.000000,1000,13610014,13611070,13633641,1002,1056
2936733136c3e,0,27990524,pareto,300.000000,1.000000,1000,13634098,13635162,13655517,1006,1064
2936733136c3e,0,27990524,pareto,300.000000,1.000000,1000,13655966,13657014,13679493,1001,1048
2936733136c3e,0,27990524,pareto,300.000000,1.000000,1000,13680039,13681100,13701449,1000,1061
2936733136c3e,0,27990524,pareto,300.000000,1.000000,1000,13702007,13703062,13723449,1000,1055
2936733136c3e,0,27990524,pareto,300.000000,1.000000,1000,13723982,13725054,13747669,1008,1072
2936733136c3e,0,27990524,pareto,300.000000,1.000000,1000,13748157,13749214,13769558,1000,1057
2936733136c3e,0,27990524,pareto,300.000000,1.000000,1000,13770006,13771072,13793614,1006,1066
2936733136c3e,0,27990524,pareto,300.000000,1.000000,1000,13794174,13795232,13815568,1000,1058
2936733136c3e,0,27990524,pareto,300.000000,1.000000,1000,13816129,13817190,13839738,1001,1061
2936733136c3e,0,27990524,pareto,300.000000,1.000000,1000,13840199,13841269,13861625,1009,1070
2936733136c3e,0,27990524,pareto,300.000000,1.000000,1000,13862080,13863135,13883504,1001,1055
2936733136c3e,0,27990524,pareto,300.000000,1.000000,1000,13883961,13885017,13907541,1000,1056
2936733136c3e,0,27990524,pareto,300.000000,1.000000,1000,13907983,13909040,13929381,1002,1057
2936733136c3e,0,27990524,pareto,300.000000,1.000000,1000,13929857,13930904,13953377,1001,1047
2936733136c3e,0,27990524,pareto,300.000000,1.000000,1000,13953834,13954898,13975214,1001,1064
2936733136c3e,0,27990524,pareto,300.000000,1.000000,1000,13975767,13976833,13999395,1000,1066
2936733136c3e,0,27990524,pareto,300.000000,1.000000,1000,13999940,14000996,14021375,1000,1056
2936733136c3e,0,27990524,pareto,300.000000,1.000000,1000,14021832,14022899,14043261,1009,1067
2936733136c3e,0,27990524,pareto,300.000000,1.000000,1000,14043706,14044760,14067349,1001,1054
2936733136c3e,0,27990524,pareto,300.000000,1.000000,1000,14067886,14068947,14089344,1000,1061
2936733136c3e,0,27990524,pareto,300.000000,1.000000,1000,14089779,14090834,14114376,1008,1055
2936733136c3e,0,27990524,pareto,300.000000,1.000000,1000,14114858,14115917,14136308,1000,1059
2936733136c3e,0,27990524,pareto,300.000000,1.000000,1000,14136791,14137847,14217484,1004,1056
2936733136c3e,0,27990524,pareto,300.000000,1.000000,1000,14218179,14219244,14240653,1001,1065
2936733136c3e,0,27990524,pareto,300.000000,1.000000,1000,14241161,14242224,14263551,1003,1063
2936733136c3e,0,27990524,pareto,300.000000,1.000000,1000,14264114,14265176,14291113,1000,1062
2936733136c3e,0,27990524,pareto,300.000000,1.000000,1000,14291668,14292726,14313155,1001,1058
2936733136c3e,0,27990524,pareto,300.000000,1.000000,1000,14313603,14314658,14337220,1004,1055
2936733136c3e,0,27990524,pareto,300.000000,1.000000,1000,14337721,14338769,14359119,1000,1048
2936733136c3e,0,27990524,pareto,300.000000,1.000000,1000,14359604,14360661,14383229,1000,1057
2936733136c3e,0,27990524,pareto,300.000000,1.000000,1000,14383687,14384743,14405064,1002,1056
2936733136c3e,0,27990524,pareto,300.000000,1.000000,1000,14405515,14406583,14426939,1005,1068
2936733136c3e,0,27990524,pareto,300.000000,1.000000,1000,14427472,14428525,14451032,1000,1053
2936733136c3e,0,27990524,pareto,300.000000,1.000000,1000,14451542,14452599,14472948,1002,1057
2936733136c3e,0,27990524,pareto,300.000000,1.000000,1000,14473498,14474556,14497231,1000,1058
2936733136c3e,0,27990524,pareto,300.000000,1.000000,1000,14497804,14498867,14519243,1000,1063
2936733136c3e,0,27990524,pareto,300.000000,1.000000,1000,14519703,14520760,14543333,1001,1057
2936733136c3e,0,27990524,pareto,300.000000,1.000000,1000,14543901,14544950,14565286,1001,1049
2936733136c3e,0,27990524,pareto,300.000000,1.000000,1000,14565724,14566786,14587146,1006,1062
2936733136c3e,0,27990524,pareto,300.000000,1.000000,1000,14587605,14588664,14611166,1004,1059
2936733136c3e,0,27990524,pareto,300.000000,1.000000,1000,14611723,14612773,14633094,1000,1050
2936733136c3e,0,27990524,pareto,300.000000,1.000000,1000,14633531,14634585,14659753,1002,1054
2936733136c3e,0,27990524,pareto,300.000000,1.000000,1000,14660282,14661344,14681717,1000,1062
2936733136c3e,0,27990524,pareto,300.000000,1.000000,1000,14682179,14683244,14705980,1001,1065
2936733136c3e,0,27990524,pareto,300.000000,1.000000,1000,14706431,14707489,14727811,1004,1058
2936733136c3e,0,27990524,pareto,300.000000,1.000000,1000,14728247,14729302,14749621,1003,1055
2936733136c3e,0,27990524,pareto,300.000000,1.000000,1000,14750089,14751143,14773767,1003,1054
2936733136c3e,0,27990524,pareto,300.000000,1.000000,1000,14774216,14775275,14795599,1003,1059
2936733136c3e,0,27990524,pareto,300.000000,1.000000,1000,14796099,14797154,14819674,1001,1055
2936733136c3e,0,27990524,pareto,300.000000,1.000000,1000,14820124,14821179,14841525,1005,1055
2936733136c3e,0,27990524,pareto,300.000000,1.000000,1000,14842027,14843087,14865712,1000,1060
2936733136c3e,0,27990524,pareto,300.000000,1.000000,1000,14866189,14867255,14887614,1003,1066
2936733136c3e,0,27990524,pareto,300.000000,1.000000,1000,14888058,14889112,14909435,1005,1054
2936733136c3e,0,27990524,pareto,300.000000,1.000000,1000,14909896,14910944,14936957,1000,1048
2936733136c3e,0,27990524,pareto,300.000000,1.000000,1000,14937473,14938531,14958920,1002,1058
2936733136c3e,0,27990524,pareto,300.000000,1.000000,1000,14959349,14960404,14982929,1002,1055
2936733136c3e,0,27990524,pareto,300.000000,1.000000,1000,14983383,14984439,15004772,1004,1056
2936733136c3e,0,27990524,pareto,300.000000,1.000000,1000,15005230,15006285,15028785,1003,1055
2936733136c3e,0,27990524,pareto,300.000000,1.000000,1000,15029246,15030302,15050621,1001,1056
2936733136c3e,0,27990524,pareto,300.000000,1.000000,1000,15051063,15052110,15072451,1002,1047
2936733136c3e,0,27990524,pareto,300.000000,1.000000,1000,15072911,15073965,15096503,1005,1054
2936733136c3e,0,27990524,pareto,300.000000,1.000000,1000,15097000,15098056,15118389,1001,1056
2936733136c3e,0,27990524,pareto,300.000000,1.000000,1000,15118917,15119964,15146129,1000,1047
2936733136c3e,0,27990524,pareto,300.000000,1.000000,1000,15146701,15147764,15168673,1004,1063
2936733136c3e,0,27990524,pareto,300.000000,1.000000,1000,15169178,15170233,15193192,1004,1055
2936733136c3e,0,27990524,pareto,300.000000,1.000000,1000,15193717,15194774,15215153,1000,1057
2936733136c3e,0,27990524,pareto,300.000000,1.000000,1000,15215666,15216728,15237129,1000,1062
2936733136c3e,0,27990524,pareto,300.000000,1.000000,1000,15237563,15238611,15261146,1003,1048
2936733136c3e,0,27990524,pareto,300.000000,1.000000,1000,15261666,15262722,15283024,1002,1056
2936733136c3e,0,27990524,pareto,300.000000,1.000000,1000,15283519,15284567,15307036,1001,1048
2936733136c3e,0,27990524,pareto,300.000000,1.000000,1000,15307474,15308535,15328850,1003,1061
2936733136c3e,0,27990524,pareto,300.000000,1.000000,1000,15329294,15330349,15353032,1008,1055
2936733136c3e,0,27990524,pareto,300.000000,1.000000,1000,15353582,15354637,15374989,1000,1055
2936733136c3e,0,27990524,pareto,300.000000,1.000000,1000,15375440,15376495,15396824,1003,1055
2936733136c3e,0,27990524,pareto,300.000000,1.000000,1000,15397254,15398308,15420782,1003,1054
2936733136c3e,0,27990524,pareto,300.000000,1.000000,1000,15421262,15422322,15442646,1000,1060
2936733136c3e,0,27990524,pareto,300.000000,1.000000,1000,15443072,15444131,15466607,1002,1059
2936733136c3e,0,27990524,pareto,300.000000,1.000000,1000,15467086,15468136,15488470,1000,1050
2936733136c3e,0,27990524,pareto,300.000000,1.000000,1000,15489015,15490076,15512607,1000,1061
2936733136c3e,0,27990524,pareto,300.000000,1.000000,1000,15513097,15514153,15534511,1000,1056
2936733136c3e,0,27990524,pareto,300.000000,1.000000,1000,15534987,15536050,15556397,1003,1063
2936733136c3e,0,27990524,pareto,300.000000,1.000000,1000,15556886,15557951,15580465,1008,1065
2936733136c3e,0,27990524,pareto,300.000000,1.000000,1000,15580960,15582021,15602387,1003,1061
2936733136c3e,0,27990524,pareto,300.000000,1.000000,1000,15602815,15603874,15626382,1005,1059
2936733136c3e,0,27990524,pareto,300.000000,1.000000,1000,15626883,15627937,15648303,1000,1054
2936733136c3e,0,27990524,pareto,300.000000,1.000000,1000,15648796,15649850,15673310,1001,1054
2936733136c3e,0,27990524,pareto,300.000000,1.000000,1000,15673866,15674914,15695269,1000,1048
2936733136c3e,0,27990524,pareto,300.000000,1.000000,1000,15695708,15696762,15719317,1004,1054
2936733136c3e,0,27990524,pareto,300.000000,1.000000,1000,15719800,15720855,15741194,1000,1055
2936733136c3e,0,27990524,pareto,300.000000,1.000000,1000,15741635,15742690,15763000,1003,1055
2936733136c3e,0,27990524,pareto,300.000000,1.000000,1000,15763511,15764566,15787097,1000,1055
2936733136c3e,0,27990524,pareto,300.000000,1.000000,1000,15787579,15788643,15809048,1000,1064
2936733136c3e,0,27990524,pareto,300.000000,1.000000,1000,15809493,15810554,15833083,1009,1061
2936733136c3e,0,27990524,pareto,300.000000,1.000000,1000,15833535,15834596,15854957,1003,1061
2936733136c3e,0,27990524,pareto,300.000000,1.000000,1000,15855419,15856471,15879014,1002,1052
2936733136c3e,0,27990524,pareto,300.000000,1.000000,1000,15879462,15880518,15900854,1003,1056
2936733136c3e,0,27990524,pareto,300.000000,1.000000,1000,15903326,15904382,15925176,1004,1056
2936733136c3e,0,27990524,pareto,300.000000,1.000000,1000,15925704,15926752,15949351,1000,1048
2936733136c3e,0,27990524,pareto,300.000000,1.000000,1000,15949812,15950870,15971233,1001,1058
2936733136c3e,0,27990524,pareto,300.000000,1.000000,1000,15971753,15972806,15995380,1001,1053
2936733136c3e,0,27990524,pareto,300.000000,1.000000,1000,15995932,15996981,16017337,1000,1049
2936733136c3e,0,27990524,pareto,300.000000,1.000000,1000,16017819,16018880,16041415,1000,1061
2936733136c3e,0,27990524,pareto,300.000000,1.000000,1000,16041873,16042930,16063296,1000,1057
2936733136c3e,0,27990524,pareto,300.000000,1.000000,1000,16063737,16064799,16085107,1007,1062
2936733136c3e,0,27990524,pareto,300.000000,1.000000,1000,16085565,16086620,16109163,1000,1055
2936733136c3e,0,27990524,pareto,300.000000,1.000000,1000,16109666,16110722,16131050,1003,1056
2936733136c3e,0,27990524,pareto,300.000000,1.000000,1000,16131513,16132567,16158173,1000,1054
2936733136c3e,0,27990524,pareto,300.000000,1.000000,1000,16158744,16159805,16180472,1002,1061
2936733136c3e,0,27990524,pareto,300.000000,1.000000,1000,16180933,16181986,16204825,1003,1053
2936733136c3e,0,27990524,pareto,300.000000,1.000000,1000,16205270,16206324,16226688,1006,1054
2936733136c3e,0,27990524,pareto,300.000000,1.000000,1000,16227141,16228214,16248579,1004,1073
2936733136c3e,0,27990524,pareto,300.000000,1.000000,1000,16249021,16250080,16272610,1002,1059
2936733136c3e,0,27990524,pareto,300.000000,1.000000,1000,16273082,16274141,16294488,1005,1059
2936733136c3e,0,27990524,pareto,300.000000,1.000000,1000,16294942,16295996,16318543,1000,1054
2936733136c3e,0,27990524,pareto,300.000000,1.000000,1000,16319048,16320102,16340489,1000,1054
2936733136c3e,0,27990524,pareto,300.000000,1.000000,1000,16341007,16342061,16365558,1000,1054
2936733136c3e,0,27990524,pareto,300.000000,1.000000,1000,16366010,16367078,16387424,1006,1068
2936733136c3e,0,27990524,pareto,300.000000,1.000000,1000,16387883,16388950,16409329,1002,1067
2936733136c3e,0,27990524,pareto,300.000000,1.000000,1000,16409755,16410814,16435822,1003,1059
2936733136c3e,0,27990524,pareto,300.000000,1.000000,1000,16436296,16437351,16457710,1005,1055
2936733136c3e,0,27990524,pareto,300.000000,1.000000,1000,16458167,16459235,16481856,1007,1068
2936733136c3e,0,27990524,pareto,300.000000,1.000000,1000,16482322,16483380,16503713,1003,1058
2936733136c3e,0,27990524,pareto,300.000000,1.000000,1000,16504156,16505213,16530215,1003,1057
2936733136c3e,0,27990524,pareto,300.000000,1.000000,1000,16530682,16531741,16552084,1006,1059
2936733136c3e,0,27990524,pareto,300.000000,1.000000,1000,16552544,16553614,16573995,1006,1070
2936733136c3e,0,27990524,pareto,300.000000,1.000000,1000,16574420,16575479,16598007,1001,1059
2936733136c3e,0,27990524,pareto,300.000000,1.000000,1000,16598518,16599574,16619908,1008,1056
2936733136c3e,0,27990524,pareto,300.000000,1.000000,1000,16620374,16621437,16643997,1003,1063
2936733136c3e,0,27990524,pareto,300.000000,1.000000,1000,16644486,16645555,16666024,1006,1069
2936733136c3e,0,27990524,pareto,300.000000,1.000000,1000,16666470,16667518,16690107,1002,1048
2936733136c3e,0,27990524,pareto,300.000000,1.000000,1000,16690691,16691747,16712068,1000,1056
2936733136c3e,0,27990524,pareto,300.000000,1.000000,1000,16712495,16713550,16733874,1002,1055
2936733136c3e,0,27990524,pareto,300.000000,1.000000,1000,16734342,16735403,16757976,1001,1061
2936733136c3e,0,27990524,pareto,300.000000,1.000000,1000,16758489,16759542,16779868,1001,1053
2936733136c3e,0,27990524,pareto,300.000000,1.000000,1000,16780357,16781420,16804043,1000,1063
2936733136c3e,0,27990524,pareto,300.000000,1.000000,1000,16804496,16805552,16825863,1006,1056
2936733136c3e,0,27990524,pareto,300.000000,1.000000,1000,16826364,16827423,16849952,1000,1059
2936733136c3e,0,27990524,pareto,300.000000,1.000000,1000,16850422,16851478,16871799,1004,1056
2936733136c3e,0,27990524,pareto,300.000000,1.000000,1000,16872255,16873321,16893690,1008,1066
2936733136c3e,0,27990524,pareto,300.000000,1.000000,1000,16894136,16895191,16917667,1001,1055
2936733136c3e,0,27990524,pareto,300.000000,1.000000,1000,16918218,16919267,16939615,1000,1049
2936733136c3e,0,27990524,pareto,300.000000,1.000000,1000,16940037,16941092,16963608,1003,1055
2936733136c3e,0,27990524,pareto,300.000000,1.000000,1000,16964054,16965108,16985430,1003,1054
2936733136c3e,0,27990524,pareto,300.000000,1.000000,1000,16986044,16987096,17009635,1000,1052
2936733136c3e,0,27990524,pareto,300.000000,1.000000,1000,17010086,17011141,17031491,1002,1055
2936733136c3e,0,27990524,pareto,300.000000,1.000000,1000,17031934,17032997,17053350,1004,1063
2936733136c3e,0,27990524,pareto,300.000000,1.000000,1000,17053786,17054841,17077433,1004,1055
2936733136c3e,0,27990524,pareto,300.000000,1.000000,1000,17077935,17078985,17099323,1001,1050
2936733136c3e,0,27990524,pareto,300.000000,1.000000,1000,17099753,17100809,17124189,1006,1056
2936733136c3e,0,27990524,pareto,300.000000,1.000000,1000,17124645,17125702,17245138,1003,1057
2936733136c3e,0,27990524,pareto,300.000000,1.000000,1000,17245771,17246834,17271199,1000,1063
2936733136c3e,0,27990524,pareto,300.000000,1.000000,1000,17271669,17272725,17294042,1004,1056
2936733136c3e,0,27990524,pareto,300.000000,1.000000,1000,17294558,17295616,17319401,1000,1058
2936733136c3e,0,27990524,pareto,300.000000,1.000000,1000,17319826,17320882,17343457,1002,1056
2936733136c3e,0,27990524,pareto,300.000000,1.000000,1000,17343992,17345041,17365420,1000,1049
2936733136c3e,0,27990524,pareto,300.000000,1.000000,1000,17365859,17366914,17389444,1006,1055
2936733136c3e,0,27990524,pareto,300.000000,1.000000,1000,17389970,17391031,17411379,1000,1061
2936733136c3e,0,27990524,pareto,300.000000,1.000000,1000,17411896,17412973,17435544,1018,1077
2936733136c3e,0,27990524,pareto,300.000000,1.000000,1000,17436028,17437096,17457504,1003,1068
2936733136c3e,0,27990524,pareto,300.000000,1.000000,1000,17458000,17459063,17479438,1000,1063
2936733136c3e,0,27990524,pareto,300.000000,1.000000,1000,17479914,17480969,17503516,1003,1055
2936733136c3e,0,27990524,pareto,300.000000,1.000000,1000,17503992,17505053,17525415,1002,1061
2936733136c3e,0,27990524,pareto,300.000000,1.000000,1000,17525917,17526975,17549563,1000,1058
2936733136c3e,0,27990524,pareto,300.000000,1.000000,1000,17550023,17551079,17571439,1003,1056
2936733136c3e,0,27990524,pareto,300.000000,1.000000,1000,17571921,17572975,17595572,1004,1054
2936733136c3e,0,27990524,pareto,300.000000,1.000000,1000,17596050,17597109,17617488,1004,1059
2936733136c3e,0,27990524,pareto,300.000000,1.000000,1000,17617969,17619023,17639357,1005,1054
2936733136c3e,0,27990524,pareto,300.000000,1.000000,1000,17639792,17640846,17663459,1001,1054
2936733136c3e,0,27990524,pareto,300.000000,1.000000,1000,17663931,17664982,17685392,1002,1051
2936733136c3e,0,27990524,pareto,300.000000,1.000000,1000,17685825,17686880,17709352,1003,1055
2936733136c3e,0,27990524,pareto,300.000000,1.000000,1000,17709832,17710880,17731190,1000,1048
2936733136c3e,0,27990524,pareto,300.000000,1.000000,1000,17731649,17732712,17755332,1003,1063
2936733136c3e,0,27990524,pareto,300.000000,1.000000,1000,17755781,17756838,17777153,1002,1057
2936733136c3e,0,27990524,pareto,300.000000,1.000000,1000,17777612,17778672,17798957,1009,1060
2936733136c3e,0,27990524,pareto,300.000000,1.000000,1000,17799384,17800440,17822860,1002,1056
2936733136c3e,0,27990524,pareto,300.000000,1.000000,1000,17823379,17824438,17844818,1000,1059
2936733136c3e,0,27990524,pareto,300.000000,1.000000,1000,17845283,17846339,17868828,1000,1056
2936733136c3e,0,27990524,pareto,300.000000,1.000000,1000,17869319,17870382,17890753,1005,1063
2936733136c3e,0,27990524,pareto,300.000000,1.000000,1000,17891204,17892263,17914852,1003,1059
2936733136c3e,0,27990524,pareto,300.000000,1.000000,1000,17915327,17916396,17936831,1007,1069
2936733136c3e,0,27990524,pareto,300.000000,1.000000,1000,17937257,17938311,17958642,1001,1054
2936733136c3e,0,27990524,pareto,300.000000,1.000000,1000,17959076,17960135,17983654,1007,1059
2936733136c3e,0,27990524,pareto,300.000000,1.000000,1000,17984179,17985245,18005622,1000,1066
2936733136c3e,0,27990524,pareto,300.000000,1.000000,1000,18006049,18007103,18029712,1002,1054
2936733136c3e,0,27990524,pareto,300.000000,1.000000,1000,18030192,18031253,18051645,1001,1061
2936733136c3e,0,27990524,pareto,300.000000,1.000000,1000,18052096,18053161,18075797,1002,1065
2936733136c3e,0,27990524,pareto,300.000000,1.000000,1000,18076274,18077339,18097741,1001,1065
2936733136c3e,0,27990524,pareto,300.000000,1.000000,1000,18098264,18099330,18119686,1003,1066
2936733136c3e,0,27990524,pareto,300.000000,1.000000,1000,18120118,18121172,18146919,1006,1054
2936733136c3e,0,27990524,pareto,300.000000,1.000000,1000,18147530,18148592,18169378,1000,1062
2936733136c3e,0,27990524,pareto,300.000000,1.000000,1000,18169829,18170889,18193707,1006,1060
2936733136c3e,0,27990524,pareto,300.000000,1.000000,1000,18194165,18195220,18215614,1002,1055
2936733136c3e,0,27990524,pareto,300.000000,1.000000,1000,18216079,18217143,18239920,1007,1064
2936733136c3e,0,27990524,pareto,300.000000,1.000000,1000,18240419,18241484,18261886,1006,1065
2936733136c3e,0,27990524,pareto,300.000000,1.000000,1000,18262352,18263417,18283814,1007,1065
2936733136c3e,0,27990524,pareto,300.000000,1.000000,1000,18284265,18285327,18312780,1002,1062
2936733136c3e,0,27990524,pareto,300.000000,1.000000,1000,18313305,18314368,18334827,1006,1063
2936733136c3e,0,27990524,pareto,300.000000,1.000000,1000,18335305,18336385,18359011,1012,1080
2936733136c3e,0,27990524,pareto,300.000000,1.000000,1000,18361638,18362692,18383510,1004,1054
2936733136c3e,0,27990524,pareto,300.000000,1.000000,1000,18383968,18385025,18407800,1001,1057
2936733136c3e,0,27990524,pareto,300.000000,1.000000,1000,18408250,18409311,18429665,1001,1061
2936733136c3e,0,27990524,pareto,300.000000,1.000000,1000,18430186,18431248,18451577,1013,1062
2936733136c3e,0,27990524,pareto,300.000000,1.000000,1000,18452044,18453100,18475704,1000,1056
2936733136c3e,0,27990524,pareto,300.000000,1.000000,1000,18476252,18477309,18497696,1000,1057
2936733136c3e,0,27990524,pareto,300.000000,1.000000,1000,18498171,18499219,18521819,1000,1048
2936733136c3e,0,27990524,pareto,300.000000,1.000000,1000,18522260,18523310,18543657,1001,1050
2936733136c3e,0,27990524,pareto,300.000000,1.000000,1000,18544126,18545182,18567767,1001,1056
2936733136c3e,0,27990524,pareto,300.000000,1.000000,1000,18568211,18569267,18589602,1008,1056
2936733136c3e,0,27990524,pareto,300.000000,1.000000,1000,18590072,18591134,18611504,1004,1062
2936733136c3e,0,27990524,pareto,300.000000,1.000000,1000,18611959,18613013,18635573,1004,1054
2936733136c3e,0,27990524,pareto,300.000000,1.000000,1000,18636018,18637080,18657460,1007,1062
2936733136c3e,0,27990524,pareto,300.000000,1.000000,1000,18657986,18659041,18682611,1000,1055
2936733136c3e,0,27990524,pareto,300.000000,1.000000,1000,18683071,18684133,18704510,1003,1062
2936733136c3e,0,27990524,pareto,300.000000,1.000000,1000,18704945,18706000,18728606,1003,1055
2936733136c3e,0,27990524,pareto,300.000000,1.000000,1000,18729058,18730119,18750475,1005,1061
2936733136c3e,0,27990524,pareto,300.000000,1.000000,1000,18750946,18752005,18774604,1001,1059
2936733136c3e,0,27990524,pareto,300.000000,1.000000,1000,18775092,18776139,18796488,1000,1047
2936733136c3e,0,27990524,pareto,300.000000,1.000000,1000,18796961,18798008,18818345,1000,1047
2936733136c3e,0,27990524,pareto,300.000000,1.000000,1000,18818812,18819860,18842469,1000,1048
2936733136c3e,0,27990524,pareto,300.000000,1.000000,1000,18842912,18843973,18864330,1014,1061
2936733136c3e,0,27990524,pareto,300.000000,1.000000,1000,18864790,18865845,18888454,1000,1055
2936733136c3e,0,27990524,pareto,300.000000,1.000000,1000,18888916,18889973,18910312,1003,1057
2936733136c3e,0,27990524,pareto,300.000000,1.000000,1000,18910744,18911792,18934365,1002,1048
2936733136c3e,0,27990524,pareto,300.000000,1.000000,1000,18934981,18936033,18956418,1000,1052
2936733136c3e,0,27990524,pareto,300.000000,1.000000,1000,18956948,18958008,18978337,1000,1060
2936733136c3e,0,27990524,pareto,300.000000,1.000000,1000,18978794,18979848,19002356,1000,1054
2936733136c3e,0,27990524,pareto,300.000000,1.000000,1000,19002804,19003860,19024201,1003,1056
2936733136c3e,0,27990524,pareto,300.000000,1.000000,1000,19024666,19025728,19048210,1003,1062
2936733136c3e,0,27990524,pareto,300.000000,1.000000,1000,19048719,19049776,19091430,1001,1057
2936733136c3e,0,27990524,pareto,300.000000,1.000000,1000,19092082,19093134,19116399,1000,1052
2936733136c3e,0,27990524,pareto,300.000000,1.000000,1000,19116911,19117972,19141359,1000,1061
2936733136c3e,0,27990524,pareto,300.000000,1.000000,1000,19141881,19142936,19163789,1003,1055
2936733136c3e,0,27990524,pareto,300.000000,1.000000,1000,19164221,19165280,19188129,1002,1059
2936733136c3e,0,27990524,pareto,300.000000,1.000000,1000,19188576,19189630,19210043,1003,1054
2936733136c3e,0,27990524,pareto,300.000000,1.000000,1000,19210497,19211556,19234157,1002,1059
2936733136c3e,0,27990524,pareto,300.000000,1.000000,1000,19234647,19235706,19256088,1000,1059
2936733136c3e,0,27990524,pareto,300.000000,1.000000,1000,19256589,19257644,19280210,1000,1055
2936733136c3e,0,27990524,pareto,300.000000,1.000000,1000,19280781,19281839,19302239,1000,1058
2936733136c3e,0,27990524,pareto,300.000000,1.000000,1000,19302709,19303774,19324146,1005,1065
2936733136c3e,0,27990524,pareto,300.000000,1.000000,1000,19324602,19325656,19348334,1003,1054
2936733136c3e,0,27990524,pareto,300.000000,1.000000,1000,19348814,19349864,19370220,1001,1050
2936733136c3e,0,27990524,pareto,300.000000,1.000000,1000,19370654,19371711,19394262,1005,1057
2936733136c3e,0,27990524,pareto,300.000000,1.000000,1000,19394713,19395779,19416138,1011,1066
2936733136c3e,0,27990524,pareto,300.000000,1.000000,1000,19416597,19417659,19441218,1004,1062
2936733136c3e,0,27990524,pareto,300.000000,1.000000,1000,19441730,19442790,19463183,1000,1060
2936733136c3e,0,27990524,pareto,300.000000,1.000000,1000,19463646,19464704,19485115,1003,1058
2936733136c3e,0,27990524,pareto,300.000000,1.000000,1000,19485569,19486631,19509221,1004,1062
2936733136c3e,0,27990524,pareto,300.000000,1.000000,1000,19509668,19510727,19531076,1005,1059
2936733136c3e,0,27990524,pareto,300.000000,1.000000,1000,19531647,19532709,19555302,1000,1062
2936733136c3e,0,27990524,pareto,300.000000,1.000000,1000,19555757,19556827,19577229,1007,1070
2936733136c3e,0,27990524,pareto,300.000000,1.000000,1000,19577722,19578784,19601314,1000,1062
2936733136c3e,0,27990524,pareto,300.000000,1.000000,1000,19601777,19602847,19623225,1009,1070
2936733136c3e,0,27990524,pareto,300.000000,1.000000,1000,19623696,19624747,19645114,1001,1051
2936733136c3e,0,27990524,pareto,300.000000,1.000000,1000,19645577,19646634,19669192,1000,1057
2936733136c3e,0,27990524,pareto,300.000000,1.000000,1000,19669670,19670731,19691053,1004,1061
2936733136c3e,0,27990524,pareto,300.000000,1.000000,1000,19691523,19692571,19715100,1000,1048
2936733136c3e,0,27990524,pareto,300.000000,1.000000,1000,19715551,19716599,19736926,1001,1048
2936733136c3e,0,27990524,pareto,300.000000,1.000000,1000,19737402,19738459,19761044,1001,1057
2936733136c3e,0,27990524,pareto,300.000000,1.000000,1000,19761499,19762559,19782910,1007,1060
2936733136c3e,0,27990524,pareto,300.000000,1.000000,1000,19783414,19784472,19804883,1000,1058
2936733136c3e,0,27990524,pareto,300.000000,1.000000,1000,19805350,19806407,19828916,1000,1057
2936733136c3e,0,27990524,pareto,300.000000,1.000000,1000,19829367,19830424,19850802,1002,1057
2936733136c3e,0,27990524,pareto,300.000000,1.000000,1000,19851235,19852293,19874846,1003,1058
2936733136c3e,0,27990524,pareto,300.000000,1.000000,1000,19875291,19876343,19896699,1001,1052
2936733136c3e,0,27990524,pareto,300.000000,1.000000,1000,19897203,19898262,19922727,1000,1059
2936733136c3e,0,27990524,pareto,300.000000,1.000000,1000,19923224,19924284,19944685,1004,1060
2936733136c3e,0,27990524,pareto,300.000000,1.000000,1000,19945118,19946178,19966494,1001,1060
2936733136c3e,0,27990524,pareto,300.000000,1.000000,1000,19966981,19968036,19990651,1001,1055
2936733136c3e,0,27990524,pareto,300.000000,1.000000,1000,19991150,19992215,20012577,1012,1065
2936733136c3e,0,27990524,pareto,300.000000,1.000000,1000,20013017,20014071,20036615,1001,1054
2936733136c3e,0,27990524,pareto,300.000000,1.000000,1000,20037089,20038154,20058472,1004,1065
2936733136c3e,0,27990524,pareto,300.000000,1.000000,1000,20058934,20059996,20085335,1001,1062
2936733136c3e,0,27990524,pareto,300.000000,1.000000,1000,20085844,20086905,20107312,1001,1061
2936733136c3e,0,27990524,pareto,300.000000,1.000000,1000,20107736,20108792,20129112,1003,1056
2936733136c3e,0,27990524,pareto,300.000000,1.000000,1000,20129578,20130636,20202712,1000,1058
2936733136c3e,0,27990524,pareto,300.000000,1.000000,1000,20203257,20204323,20228288,1001,1066
2936733136c3e,0,27990524,pareto,300.000000,1.000000,1000,20228739,20229795,20254696,1002,1056
2936733136c3e,0,27990524,pareto,300.000000,1.000000,1000,20255230,20256293,20279899,1001,1063
2936733136c3e,0,27990524,pareto,300.000000,1.000000,1000,20280336,20281391,20303990,1003,1055
2936733136c3e,0,27990524,pareto,300.000000,1.000000,1000,20304444,20305510,20325923,1009,1066
2936733136c3e,0,27990524,pareto,300.000000,1.000000,1000,20326362,20327418,20347713,1001,1056
2936733136c3e,0,27990524,pareto,300.000000,1.000000,1000,20348136,20349193,20371669,1004,1057
2936733136c3e,0,27990524,pareto,300.000000,1.000000,1000,20372141,20373200,20393591,1003,1059
2936733136c3e,0,27990524,pareto,300.000000,1.000000,1000,20394039,20395093,20417597,1004,1054
2936733136c3e,0,27990524,pareto,300.000000,1.000000,1000,20418062,20419119,20439469,1003,1057
2936733136c3e,0,27990524,pareto,300.000000,1.000000,1000,20439904,20440960,20463498,1004,1056
2936733136c3e,0,27990524,pareto,300.000000,1.000000,1000,20464031,20465088,20485456,1000,1057
2936733136c3e,0,27990524,pareto,300.000000,1.000000,1000,20485911,20486973,20507388,1003,1062
2936733136c3e,0,27990524,pareto,300.000000,1.000000,1000,20507822,20508870,20531389,1001,1048
2936733136c3e,0,27990524,pareto,300.000000,1.000000,1000,20531835,20532898,20553307,1001,1063
2936733136c3e,0,27990524,pareto,300.000000,1.000000,1000,20553726,20554784,20577283,1001,1058
2936733136c3e,0,27990524,pareto,300.000000,1.000000,1000,20577732,20578794,20599170,1006,1062
2936733136c3e,0,27990524,pareto,300.000000,1.000000,1000,20599621,20600676,20623182,1004,1055
2936733136c3e,0,27990524,pareto,300.000000,1.000000,1000,20623680,20624737,20645102,1001,1057
2936733136c3e,0,27990524,pareto,300.000000,1.000000,1000,20645550,20646606,20667009,1003,1056
2936733136c3e,0,27990524,pareto,300.000000,1.000000,1000,20667435,20668496,20691097,1007,1061
2936733136c3e,0,27990524,pareto,300.000000,1.000000,1000,20691550,20692611,20712967,1005,1061
2936733136c3e,0,27990524,pareto,300.000000,1.000000,1000,20713387,20714442,20736984,1002,1055
2936733136c3e,0,27990524,pareto,300.000000,1.000000,1000,20737431,20738482,20758847,1002,1051
2936733136c3e,0,27990524,pareto,300.000000,1.000000,1000,20759298,20760348,20782907,1001,1050
2936733136c3e,0,27990524,pareto,300.000000,1.000000,1000,20783368,20784425,20804762,1001,1057
2936733136c3e,0,27990524,pareto,300.000000,1.000000,1000,20805230,20806296,20826687,1008,1066
2936733136c3e,0,27990524,pareto,300.000000,1.000000,1000,20827138,20828194,20850838,1000,1056
2936733136c3e,0,27990524,pareto,300.000000,1.000000,1000,20851325,20852386,20872803,1000,1061
2936733136c3e,0,27990524,pareto,300.000000,1.000000,1000,20873238,20874296,20896909,1005,1058
2936733136c3e,0,27990524,pareto,300.000000,1.000000,1000,20897354,20898405,20918777,1002,1051
2936733136c3e,0,27990524,pareto,300.000000,1.000000,1000,20919210,20920284,20942869,1016,1074
2936733136c3e,0,27990524,pareto,300.000000,1.000000,1000,20943318,20944374,20964753,1001,1056
2936733136c3e,0,27990524,pareto,300.000000,1.000000,1000,20965187,20966236,20986538,1001,1049
2936733136c3e,0,27990524,pareto,300.000000,1.000000,1000,20987004,20988059,21011486,1000,1055
2936733136c3e,0,27990524,pareto,300.000000,1.000000,1000,21011970,21013034,21033401,1000,1064
2936733136c3e,0,27990524,pareto,300.000000,1.000000,1000,21033850,21034911,21057506,1002,1061
2936733136c3e,0,27990524,pareto,300.000000,1.000000,1000,21057968,21059032,21079362,1011,1064
2936733136c3e,0,27990524,pareto,300.000000,1.000000,1000,21079857,21080915,21103602,1000,1058
2936733136c3e,0,27990524,pareto,300.000000,1.000000,1000,21104033,21105094,21125435,1002,1061
2936733136c3e,0,27990524,pareto,300.000000,1.000000,1000,21125914,21126968,21150575,1001,1054
2936733136c3e,0,27990524,pareto,300.000000,1.000000,1000,21151147,21152211,21175204,1010,1064
2936733136c3e,0,27990524,pareto,300.000000,1.000000,1000,21175661,21176732,21197133,1007,1071
2936733136c3e,0,27990524,pareto,300.000000,1.000000,1000,21197601,21198662,21221253,1000,1061
2936733136c3e,0,27990524,pareto,300.000000,1.000000,1000,21221711,21222780,21243169,1007,1069
2936733136c3e,0,27990524,pareto,300.000000,1.000000,1000,21243636,21244684,21267342,1001,1048
2936733136c3e,0,27990524,pareto,300.000000,1.000000,1000,21267793,21268861,21289238,1008,1068
2936733136c3e,0,27990524,pareto,300.000000,1.000000,1000,21289661,21290717,21311044,1004,1056
2936733136c3e,0,27990524,pareto,300.000000,1.000000,1000,21311487,21312550,21335085,1010,1063
2936733136c3e,0,27990524,pareto,300.000000,1.000000,1000,21335570,21336625,21356984,1000,1055
2936733136c3e,0,27990524,pareto,300.000000,1.000000,1000,21357436,21358495,21381039,1000,1059
2936733136c3e,0,27990524,pareto,300.000000,1.000000,1000,21381542,21382599,21403044,1001,1057
2936733136c3e,0,27990524,pareto,300.000000,1.000000,1000,21403467,21404514,21427152,1001,1047
2936733136c3e,0,27990524,pareto,300.000000,1.000000,1000,21427604,21428662,21449036,1002,1058
2936733136c3e,0,27990524,pareto,300.000000,1.000000,1000,21449471,21450530,21470831,1005,1059
2936733136c3e,0,27990524,pareto,300.000000,1.000000,1000,21471262,21472312,21494829,1001,1050
2936733136c3e,0,27990524,pareto,300.000000,1.000000,1000,21495280,21496343,21516729,1002,1063
2936733136c3e,0,27990524,pareto,300.000000,1.000000,1000,21517201,21518257,21540893,1001,1056
2936733136c3e,0,27990524,pareto,300.000000,1.000000,1000,21541348,21542405,21562764,1002,1057
2936733136c3e,0,27990524,pareto,300.000000,1.000000,1000,21563280,21564336,21586888,1001,1056
2936733136c3e,0,27990524,pareto,300.000000,1.000000,1000,21587335,21588400,21608751,1005,1065
2936733136c3e,0,27990524,pareto,300.000000,1.000000,1000,21609211,21610279,21630667,1008,1068
2936733136c3e,0,27990524,pareto,300.000000,1.000000,1000,21631135,21632190,21657482,1000,1055
2936733136c3e,0,27990524,pareto,300.000000,1.000000,1000,21657942,21658999,21679409,1008,1057
2936733136c3e,0,27990524,pareto,300.000000,1.000000,1000,21679831,21680899,21703451,1010,1068
2936733136c3e,0,27990524,pareto,300.000000,1.000000,1000,21703902,21704952,21725340,1002,1050
2936733136c3e,0,27990524,pareto,300.000000,1.000000,1000,21725810,21726868,21750378,1002,1058
2936733136c3e,0,27990524,pareto,300.000000,1.000000,1000,21750828,21751888,21772241,1001,1060
2936733136c3e,0,27990524,pareto,300.000000,1.000000,1000,21772675,21773732,21796211,1001,1057
2936733136c3e,0,27990524,pareto,300.000000,1.000000,1000,21796670,21797745,21818122,1019,1075
2936733136c3e,0,27990524,pareto,300.000000,1.000000,1000,21818589,21819646,21840042,1004,1057
2936733136c3e,0,27990524,pareto,300.000000,1.000000,1000,21840616,21841670,21864467,1000,1054
2936733136c3e,0,27990524,pareto,300.000000,1.000000,1000,21864944,21866009,21886469,1004,1065
2936733136c3e,0,27990524,pareto,300.000000,1.000000,1000,21886960,21888008,21913126,1000,1048
2936733136c3e,0,27990524,pareto,300.000000,1.000000,1000,21913643,21914708,21935229,1003,1065
2936733136c3e,0,27990524,pareto,300.000000,1.000000,1000,21935664,21936724,21959494,1001,1060
2936733136c3e,0,27990524,pareto,300.000000,1.000000,1000,21959954,21961012,21981371,1003,1058
2936733136c3e,0,27990524,pareto,300.000000,1.000000,1000,21981800,21982860,22003183,1005,1060
2936733136c3e,0,27990524,pareto,300.000000,1.000000,1000,22003644,22004704,22027275,1000,1060
2936733136c3e,0,27990524,pareto,300.000000,1.000000,1000,22027726,22028788,22049160,1002,1062
2936733136c3e,0,27990524,pareto,300.000000,1.000000,1000,22049627,22050687,22073291,1000,1060
2936733136c3e,0,27990524,pareto,300.000000,1.000000,1000,22073750,22074813,22095178,1004,1063
2936733136c3e,0,27990524,pareto,300.000000,1.000000,1000,22095598,22096654,22119187,1003,1056
2936733136c3e,0,27990524,pareto,300.000000,1.000000,1000,22119630,22120689,22144167,1003,1059
2936733136c3e,0,27990524,pareto,300.000000,1.000000,1000,22144724,22145787,22166469,1000,1063
2936733136c3e,0,27990524,pareto,300.000000,1.000000,1000,22166950,22168008,22190964,1000,1058
2936733136c3e,0,27990524,pareto,300.000000,1.000000,1000,22191406,22192467,22212831,1003,1061
2936733136c3e,0,27990524,pareto,300.000000,1.000000,1000,22213265,22214334,22236898,1005,1069
2936733136c3e,0,27990524,pareto,300.000000,1.000000,1000,22237364,22238426,22258784,1001,1062
2936733136c3e,0,27990524,pareto,300.000000,1.000000,1000,22259276,22260334,22282899,1001,1058
2936733136c3e,0,27990524,pareto,300.000000,1.000000,1000,22283339,22284395,22304760,1001,1056
2936733136c3e,0,27990524,pareto,300.000000,1.000000,1000,22305219,22306280,22326649,1006,1061
2936733136c3e,0,27990524,pareto,300.000000,1.000000,1000,22327099,22328147,22350711,1002,1048
2936733136c3e,0,27990524,pareto,300.000000,1.000000,1000,22351161,22352216,22372607,1003,1055
2936733136c3e,0,27990524,pareto,300.000000,1.000000,1000,22373085,22374140,22396715,1000,1055
2936733136c3e,0,27990524,pareto,300.000000,1.000000,1000,22397168,22398237,22418615,1008,1069
2936733136c3e,0,27990524,pareto,300.000000,1.000000,1000,22419082,22420139,22442728,1003,1057
2936733136c3e,0,27990524,pareto,300.000000,1.000000,1000,22443169,22444219,22464601,1002,1050
2936733136c3e,0,27990524,pareto,300.000000,1.000000,1000,22465094,22466143,22486497,1000,1049
2936733136c3e,0,27990524,pareto,300.000000,1.000000,1000,22486931,22487989,22511477,1007,1058
2936733136c3e,0,27990524,pareto,300.000000,1.000000,1000,22511929,22512989,22533339,1001,1060
2936733136c3e,0,27990524,pareto,300.000000,1.000000,1000,22533776,22534830,22557360,1002,1054
2936733136c3e,0,27990524,pareto,300.000000,1.000000,1000,22557853,22558914,22579250,1001,1061
2936733136c3e,0,27990524,pareto,300.000000,1.000000,1000,22579706,22580762,22603278,1001,1056
2936733136c3e,0,27990524,pareto,300.000000,1.000000,1000,22603821,22604878,22625272,1000,1057
2936733136c3e,0,27990524,pareto,300.000000,1.000000,1000,22625710,22626765,22647097,1007,1055
2936733136c3e,0,27990524,pareto,300.000000,1.000000,1000,22647506,22648567,22671072,1005,1061
2936733136c3e,0,27990524,pareto,300.000000,1.000000,1000,22671526,22672584,22692919,1004,1058
2936733136c3e,0,27990524,pareto,300.000000,1.000000,1000,22693394,22694450,22716965,1000,1056
2936733136c3e,0,27990524,pareto,300.000000,1.000000,1000,22717426,22718485,22738847,1003,1059
2936733136c3e,0,27990524,pareto,300.000000,1.000000,1000,22739357,22740413,22762987,1000,1056
2936733136c3e,0,27990524,pareto,300.000000,1.000000,1000,22763440,22764497,22784864,1001,1057
2936733136c3e,0,27990524,pareto,300.000000,1.000000,1000,22785424,22786485,22806903,1000,1061
2936733136c3e,0,27990524,pareto,300.000000,1.000000,1000,22807380,22808433,22832411,1001,1053
2936733136c3e,0,27990524,pareto,300.000000,1.000000,1000,22832881,22833938,22854339,1006,1057
2936733136c3e,0,27990524,pareto,300.000000,1.000000,1000,22854761,22855828,22878462,1014,1067
2936733136c3e,0,27990524,pareto,300.000000,1.000000,1000,22878959,22880011,22900393,1000,1052
2936733136c3e,0,27990524,pareto,300.000000,1.000000,1000,22900818,22901877,22924423,1006,1059
2936733136c3e,0,27990524,pareto,300.000000,1.000000,1000,22924884,22925943,22946295,1004,1059
2936733136c3e,0,27990524,pareto,300.000000,1.000000,1000,22946775,22947837,22968219,1001,1062
2936733136c3e,0,27990524,pareto,300.000000,1.000000,1000,22968677,22969739,22992342,1001,1062
2936733136c3e,0,27990524,pareto,300.000000,1.000000,1000,22992834,22993885,23014269,1000,1051
2936733136c3e,0,27990524,pareto,300.000000,1.000000,1000,23014739,23015787,23038326,1001,1048
2936733136c3e,0,27990524,pareto,300.000000,1.000000,1000,23038771,23039828,23060187,1002,1057
2936733136c3e,0,27990524,pareto,300.000000,1.000000,1000,23060677,23061733,23084344,1000,1056
2936733136c3e,0,27990524,pareto,300.000000,1.000000,1000,23084785,23085842,23106220,1002,1057
2936733136c3e,0,27990524,pareto,300.000000,1.000000,1000,23106677,23107732,23128090,1001,1055
2936733136c3e,0,27990524,pareto,300.000000,1.000000,1000,23128541,23129600,23159211,1009,1059
2936733136c3e,0,27990524,pareto,300.000000,1.000000,1000,23159839,23160901,23181748,1004,1062
2936733136c3e,0,27990524,pareto,300.000000,1.000000,1000,23182371,23183419,23206587,1000,1048
2936733136c3e,0,27990524,pareto,300.000000,1.000000,1000,23207039,23208097,23228542,1003,1058
2936733136c3e,0,27990524,pareto,300.000000,1.000000,1000,23228989,23230048,23253568,1002,1059
2936733136c3e,0,27990524,pareto,300.000000,1.000000,1000,23254048,23255113,23275490,1003,1065
2936733136c3e,0,27990524,pareto,300.000000,1.000000,1000,23275947,23277001,23297384,1002,1054
2936733136c3e,0,27990524,pareto,300.000000,1.000000,1000,23297816,23298870,23323363,1001,1054
2936733136c3e,0,27990524,pareto,300.000000,1.000000,1000,23323839,23324896,23345303,1004,1057
2936733136c3e,0,27990524,pareto,300.000000,1.000000,1000,23345747,23346805,23369357,1003,1058
2936733136c3e,0,27990524,pareto,300.000000,1.000000,1000,23369820,23370883,23391255,1002,1063
2936733136c3e,0,27990524,pareto,300.000000,1.000000,1000,23391730,23392801,23415359,1016,1071
2936733136c3e,0,27990524,pareto,300.000000,1.000000,1000,23415908,23416958,23437298,1000,1050
2936733136c3e,0,27990524,pareto,300.000000,1.000000,1000,23437758,23438827,23459173,1005,1069
2936733136c3e,0,27990524,pareto,300.000000,1.000000,1000,23459638,23460697,23483225,1001,1059
2936733136c3e,0,27990524,pareto,300.000000,1.000000,1000,23483663,23484724,23505106,1002,1061
2936733136c3e,0,27990524,pareto,300.000000,1.000000,1000,23505543,23506598,23529169,1002,1055
2936733136c3e,0,27990524,pareto,300.000000,1.000000,1000,23529636,23530692,23551059,1005,1056
2936733136c3e,0,27990524,pareto,300.000000,1.000000,1000,23551505,23552554,23575204,1001,1049
2936733136c3e,0,27990524,pareto,300.000000,1.000000,1000,23575661,23576718,23597101,1004,1057
2936733136c3e,0,27990524,pareto,300.000000,1.000000,1000,23597533,23598588,23618946,1003,1055
2936733136c3e,0,27990524,pareto,300.000000,1.000000,1000,23619381,23620440,23643007,1001,1059
2936733136c3e,0,27990524,pareto,300.000000,1.000000,1000,23643487,23644545,23664969,1002,1058
2936733136c3e,0,27990524,pareto,300.000000,1.000000,1000,23665445,23666493,23691770,1000,1048
2936733136c3e,0,27990524,pareto,300.000000,1.000000,1000,23692237,23693308,23713727,1005,1071
2936733136c3e,0,27990524,pareto,300.000000,1.000000,1000,23714148,23715207,23737793,1002,1059
2936733136c3e,0,27990524,pareto,300.000000,1.000000,1000,23738282,23739343,23759765,1002,1061
2936733136c3e,0,27990524,pareto,300.000000,1.000000,1000,23760203,23761261,23781593,1004,1058
2936733136c3e,0,27990524,pareto,300.000000,1.000000,1000,23782035,23783094,23805611,1007,1059
2936733136c3e,0,27990524,pareto,300.000000,1.000000,1000,23806107,23807166,23827564,1000,1059
2936733136c3e,0,27990524,pareto,300.000000,1.000000,1000,23828024,23829089,23851670,1004,1065
2936733136c3e,0,27990524,pareto,300.000000,1.000000,1000,23852139,23853200,23873637,1005,1061
2936733136c3e,0,27990524,pareto,300.000000,1.000000,1000,23874095,23875159,23897783,1008,1064
2936733136c3e,0,27990524,pareto,300.000000,1.000000,1000,23898229,23899286,23919693,1003,1057
2936733136c3e,0,27990524,pareto,300.000000,1.000000,1000,23920165,23921213,23941579,1000,1048
2936733136c3e,0,27990524,pareto,300.000000,1.000000,1000,23942026,23943081,23965754,1001,1055
2936733136c3e,0,27990524,pareto,300.000000,1.000000,1000,23966194,23967257,23987609,1010,1063
2936733136c3e,0,27990524,pareto,300.000000,1.000000,1000,23988053,23989115,24012625,1008,1062
2936733136c3e,0,27990524,pareto,300.000000,1.000000,1000,24013103,24014163,24034512,1001,1060
2936733136c3e,0,27990524,pareto,300.000000,1.000000,1000,24035038,24036093,24058871,1000,1055
2936733136c3e,0,27990524,pareto,300.000000,1.000000,1000,24059321,24060382,24080731,1002,1061
2936733136c3e,0,27990524,pareto,300.000000,1.000000,1000,24081151,24082217,24102592,1009,1066
2936733136c3e,0,27990524,pareto,300.000000,1.000000,1000,24103064,24104111,24126668,1000,1047
2936733136c3e,0,27990524,pareto,300.000000,1.000000,1000,24127111,24128175,24151885,1001,1064
2936733136c3e,0,27990524,pareto,300.000000,1.000000,1000,24152528,24153580,24176589,1000,1052
2936733136c3e,0,27990524,pareto,300.000000,1.000000,1000,24177061,24178122,24198567,1000,1061
2936733136c3e,0,27990524,pareto,300.000000,1.000000,1000,24199031,24200090,24222800,1002,1059
2936733136c3e,0,27990524,pareto,300.000000,1.000000,1000,24223271,24224321,24244718,1000,1050
2936733136c3e,0,27990524,pareto,300.000000,1.000000,1000,24245183,24246245,24266645,1003,1062
2936733136c3e,0,27990524,pareto,300.000000,1.000000,1000,24267102,24268160,24290794,1002,1058
2936733136c3e,0,27990524,pareto,300.000000,1.000000,1000,24291249,24292313,24312668,1006,1064
2936733136c3e,0,27990524,pareto,300.000000,1.000000,1000,24313125,24314179,24336764,1002,1054
2936733136c3e,0,27990524,pareto,300.000000,1.000000,1000,24337267,24338315,24358684,1000,1048
2936733136c3e,0,27990524,pareto,300.000000,1.000000,1000,24359201,24360255,24383128,1004,1054
2936733136c3e,0,27990524,pareto,300.000000,1.000000,1000,24383590,24384652,24405011,1004,1062
2936733136c3e,0,27990524,pareto,300.000000,1.000000,1000,24405457,24406512,24426889,1002,1055
2936733136c3e,0,27990524,pareto,300.000000,1.000000,1000,24427430,24428489,24451078,1000,1059
2936733136c3e,0,27990524,pareto,300.000000,1.000000,1000,24451574,24452631,24473036,1000,1057
2936733136c3e,0,27990524,pareto,300.000000,1.000000,1000,24473467,24474536,24497027,1005,1069
2936733136c3e,0,27990524,pareto,300.000000,1.000000,1000,24497507,24498570,24518967,1000,1063
2936733136c3e,0,27990524,pareto,300.000000,1.000000,1000,24519448,24520498,24543070,1000,1050
2936733136c3e,0,27990524,pareto,300.000000,1.000000,1000,24543519,24544576,24564968,1001,1057
2936733136c3e,0,27990524,pareto,300.000000,1.000000,1000,24565434,24566484,24586838,1001,1050
2936733136c3e,0,27990524,pareto,300.000000,1.000000,1000,24587291,24588353,24610885,1004,1062
2936733136c3e,0,27990524,pareto,300.000000,1.000000,1000,24611344,24612414,24632765,1010,1070
2936733136c3e,0,27990524,pareto,300.000000,1.000000,1000,24633230,24634279,24656872,1001,1049
2936733136c3e,0,27990524,pareto,300.000000,1.000000,1000,24657361,24658418,24678799,1000,1057
2936733136c3e,0,27990524,pareto,300.000000,1.000000,1000,24679222,24680270,24702866,1002,1048
2936733136c3e,0,27990524,pareto,300.000000,1.000000,1000,24703430,24704480,24724835,1001,1050
2936733136c3e,0,27990524,pareto,300.000000,1.000000,1000,24725269,24726316,24749876,1002,1047
2936733136c3e,0,27990524,pareto,300.000000,1.000000,1000,24750321,24751381,24771755,1003,1060
2936733136c3e,0,27990524,pareto,300.000000,1.000000,1000,24772198,24773266,24793608,1004,1068
2936733136c3e,0,27990524,pareto,300.000000,1.000000,1000,24794037,24795094,24817710,1002,1057
2936733136c3e,0,27990524,pareto,300.000000,1.000000,1000,24818163,24819225,24839610,1001,1062
2936733136c3e,0,27990524,pareto,300.000000,1.000000,1000,24840051,24841108,24863694,1001,1057
2936733136c3e,0,27990524,pareto,300.000000,1.000000,1000,24864180,24865241,24885627,1000,1061
2936733136c3e,0,27990524,pareto,300.000000,1.000000,1000,24886125,24887185,24909830,1000,1060
2936733136c3e,0,27990524,pareto,300.000000,1.000000,1000,24910283,24911340,24931762,1002,1057
2936733136c3e,0,27990524,pareto,300.000000,1.000000,1000,24932172,24933237,24953576,1008,1065
2936733136c3e,0,27990524,pareto,300.000000,1.000000,1000,24953984,24955040,24980209,1002,1056
2936733136c3e,0,27990524,pareto,300.000000,1.000000,1000,24980713,24981790,25002165,1018,1077
2936733136c3e,0,27990524,pareto,300.000000,1.000000,1000,25002623,25003677,25026322,1000,1054
2936733136c3e,0,27990524,pareto,300.000000,1.000000,1000,25026803,25027865,25048272,1002,1062
2936733136c3e,0,27990524,pareto,300.000000,1.000000,1000,25048721,25049775,25072452,1002,1054
2936733136c3e,0,27990524,pareto,300.000000,1.000000,1000,25072964,25074021,25094376,1000,1057
2936733136c3e,0,27990524,pareto,300.000000,1.000000,1000,25094828,25095876,25116285,1002,1048
2936733136c3e,0,27990524,pareto,300.000000,1.000000,1000,25116750,25117805,25143224,1000,1055
2936733136c3e,0,27990524,pareto,300.000000,1.000000,1000,25143784,25144845,25165541,1001,1061
2936733136c3e,0,27990524,pareto,300.000000,1.000000,1000,25165971,25167031,25189910,1002,1060
2936733136c3e,0,27990524,pareto,300.000000,1.000000,1000,25190389,25191452,25211855,1003,1063
2936733136c3e,0,27990524,pareto,300.000000,1.000000,1000,25212314,25213377,25235980,1002,1063
2936733136c3e,0,27990524,pareto,300.000000,1.000000,1000,25236436,25237499,25257865,1007,1063
2936733136c3e,0,27990524,pareto,300.000000,1.000000,1000,25258318,25259376,25279775,1004,1058
2936733136c3e,0,27990524,pareto,300.000000,1.000000,1000,25280215,25281270,25303914,1002,1055
2936733136c3e,0,27990524,pareto,300.000000,1.000000,1000,25304374,25305431,25325805,1003,1057
2936733136c3e,0,27990524,pareto,300.000000,1.000000,1000,25326249,25327307,25349866,1001,1058
2936733136c3e,0,27990524,pareto,300.000000,1.000000,1000,25350356,25351407,25371793,1000,1051
2936733136c3e,0,27990524,pareto,300.000000,1.000000,1000,25372221,25373275,25395902,1007,1054
2936733136c3e,0,27990524,pareto,300.000000,1.000000,1000,25396438,25397497,25417866,1001,1059
2936733136c3e,0,27990524,pareto,300.000000,1.000000,1000,25418369,25419427,25439801,1000,1058
2936733136c3e,0,27990524,pareto,300.000000,1.000000,1000,25440252,25441320,25466390,1008,1068
2936733136c3e,0,27990524,pareto,300.000000,1.000000,1000,25466938,25468007,25488466,1000,1069
2936733136c3e,0,27990524,pareto,300.000000,1.000000,1000,25488905,25489961,25513463,1002,1056
2936733136c3e,0,27990524,pareto,300.000000,1.000000,1000,25513912,25514979,25535357,1006,1067
2936733136c3e,0,27990524,pareto,300.000000,1.000000,1000,25535871,25536936,25559566,1008,1065
2936733136c3e,0,27990524,pareto,300.000000,1.000000,1000,25560037,25561096,25581474,1000,1059
2936733136c3e,0,27990524,pareto,300.000000,1.000000,1000,25581943,25583000,25603405,1006,1057
2936733136c3e,0,27990524,pareto,300.000000,1.000000,1000,25603832,25604887,25627547,1002,1055
2936733136c3e,0,27990524,pareto,300.000000,1.000000,1000,25627981,25629043,25649417,1006,1062
2936733136c3e,0,27990524,pareto,300.000000,1.000000,1000,25649846,25650901,25673441,1001,1055
2936733136c3e,0,27990524,pareto,300.000000,1.000000,1000,25673882,25674944,25695308,1004,1062
2936733136c3e,0,27990524,pareto,300.000000,1.000000,1000,25695764,25696822,25719387,1002,1058
2936733136c3e,0,27990524,pareto,300.000000,1.000000,1000,25719852,25720909,25741261,1003,1057
2936733136c3e,0,27990524,pareto,300.000000,1.000000,1000,25741723,25742771,25763155,1001,1048
2936733136c3e,0,27990524,pareto,300.000000,1.000000,1000,25763617,25764671,25787234,1008,1054
2936733136c3e,0,27990524,pareto,300.000000,1.000000,1000,25787688,25788755,25809119,1003,1067
2936733136c3e,0,27990524,pareto,300.000000,1.000000,1000,25809585,25810648,25833303,1007,1063
2936733136c3e,0,27990524,pareto,300.000000,1.000000,1000,25833740,25834794,25855173,1001,1054
2936733136c3e,0,27990524,pareto,300.000000,1.000000,1000,25855720,25856768,25879354,1000,1048
2936733136c3e,0,27990524,pareto,300.000000,1.000000,1000,25879820,25880881,25901270,1004,1061
2936733136c3e,0,27990524,pareto,300.000000,1.000000,1000,25901755,25902817,25923194,1000,1062
2936733136c3e,0,27990524,pareto,300.000000,1.000000,1000,25923680,25924741,25947338,1000,1061
2936733136c3e,0,27990524,pareto,300.000000,1.000000,1000,25947784,25948834,25969230,1002,1050
2936733136c3e,0,27990524,pareto,300.000000,1.000000,1000,25969708,25970762,25993234,1001,1054
2936733136c3e,0,27990524,pareto,300.000000,1.000000,1000,25993683,25994734,26015096,1002,1051
2936733136c3e,0,27990524,pareto,300.000000,1.000000,1000,26015557,26016615,26039280,1003,1058
2936733136c3e,0,27990524,pareto,300.000000,1.000000,1000,26039780,26040835,26061227,1000,1055
2936733136c3e,0,27990524,pareto,300.000000,1.000000,1000,26061672,26062734,26083083,1005,1062
2936733136c3e,0,27990524,pareto,300.000000,1.000000,1000,26083514,26084568,26107118,1001,1054
2936733136c3e,0,27990524,pareto,300.000000,1.000000,1000,26107622,26108679,26129071,1000,1057
2936733136c3e,0,27990524,pareto,300.000000,1.000000,1000,26129542,26130593,26156069,1002,1051
2936733136c3e,0,27990524,pareto,300.000000,1.000000,1000,26156654,26157719,26178397,1004,1065
2936733136c3e,0,27990524,pareto,300.000000,1.000000,1000,26178932,26179987,26202872,1001,1055
2936733136c3e,0,27990524,pareto,300.000000,1.000000,1000,26203330,26204389,26224772,1001,1059
2936733136c3e,0,27990524,pareto,300.000000,1.000000,1000,26225216,26226279,26246583,1008,1063
2936733136c3e,0,27990524,pareto,300.000000,1.000000,1000,26247030,26248086,26271604,1002,1056
2936733136c3e,0,27990524,pareto,300.000000,1.000000,1000,26272069,26273130,26293531,1004,1061
2936733136c3e,0,27990524,pareto,300.000000,1.000000,1000,26293969,26295024,26317627,1004,1055
2936733136c3e,0,27990524,pareto,300.000000,1.000000,1000,26318097,26319156,26339524,1005,1059
2936733136c3e,0,27990524,pareto,300.000000,1.000000,1000,26339989,26341055,26363713,1004,1066
2936733136c3e,0,27990524,pareto,300.000000,1.000000,1000,26364186,26365254,26385613,1009,1068
2936733136c3e,0,27990524,pareto,300.000000,1.000000,1000,26386062,26387125,26407455,1014,1063
2936733136c3e,0,27990524,pareto,300.000000,1.000000,1000,26407892,26408960,26431545,1009,1068
2936733136c3e,0,27990524,pareto,300.000000,1.000000,1000,26432035,26433089,26453477,1000,1054
2936733136c3e,0,27990524,pareto,300.000000,1.000000,1000,26453905,26454963,26477542,1001,1058
2936733136c3e,0,27990524,pareto,300.000000,1.000000,1000,26478002,26479064,26499421,1002,1062
2936733136c3e,0,27990524,pareto,300.000000,1.000000,1000,26499945,26501006,26523630,1001,1061
2936733136c3e,0,27990524,pareto,300.000000,1.000000,1000,26524101,26525169,26545531,1004,1068
2936733136c3e,0,27990524,pareto,300.000000,1.000000,1000,26546034,26547087,26567474,1000,1053
2936733136c3e,0,27990524,pareto,300.000000,1.000000,1000,26567920,26568971,26591616,1001,1051
2936733136c3e,0,27990524,pareto,300.000000,1.000000,1000,26592081,26593135,26613522,1002,1054
2936733136c3e,0,27990524,pareto,300.000000,1.000000,1000,26613978,26615057,26639806,1015,1079
2936733136c3e,0,27990524,pareto,300.000000,1.000000,1000,26640266,26641329,26661724,1002,1063
2936733136c3e,0,27990524,pareto,300.000000,1.000000,1000,26662188,26663254,26685877,1002,1066
2936733136c3e,0,27990524,pareto,300.000000,1.000000,1000,26686341,26687403,26707805,1004,1062
2936733136c3e,0,27990524,pareto,300.000000,1.000000,1000,26708229,26709276,26729610,1002,1047
2936733136c3e,0,27990524,pareto,300.000000,1.000000,1000,26730061,26731116,26753677,1002,1055
2936733136c3e,0,27990524,pareto,300.000000,1.000000,1000,26754143,26755201,26775561,1001,1058
2936733136c3e,0,27990524,pareto,300.000000,1.000000,1000,26776042,26777103,26799706,1000,1061
2936733136c3e,0,27990524,pareto,300.000000,1.000000,1000,26800204,26801263,26821658,1000,1059
2936733136c3e,0,27990524,pareto,300.000000,1.000000,1000,26822081,26823136,26845769,1001,1055
2936733136c3e,0,27990524,pareto,300.000000,1.000000,1000,26846258,26847315,26867708,1000,1057
2936733136c3e,0,27990524,pareto,300.000000,1.000000,1000,26868162,26869224,26889547,1007,1062
2936733136c3e,0,27990524,pareto,300.000000,1.000000,1000,26889988,26891045,26913606,1004,1057
2936733136c3e,0,27990524,pareto,300.000000,1.000000,1000,26914143,26915202,26935588,1000,1059
2936733136c3e,0,27990524,pareto,300.000000,1.000000,1000,26936022,26937081,26959626,1003,1059
2936733136c3e,0,27990524,pareto,300.000000,1.000000,1000,26960125,26961176,26981541,1000,1051
2936733136c3e,0,27990524,pareto,300.000000,1.000000,1000,26982002,26983074,27006577,1006,1072
2936733136c3e,0,27990524,pareto,300.000000,1.000000,1000,27007032,27008089,27028433,1001,1057
2936733136c3e,0,27990524,pareto,300.000000,1.000000,1000,27028894,27029966,27050350,1010,1072
2936733136c3e,0,27990524,pareto,300.000000,1.000000,1000,27050799,27051861,27074440,1000,1062
2936733136c3e,0,27990524,pareto,300.000000,1.000000,1000,27074878,27075937,27096302,1002,1059
2936733136c3e,0,27990524,pareto,300.000000,1.000000,1000,27096745,27097807,27120354,1005,1062
2936733136c3e,0,27990524,pareto,300.000000,1.000000,1000,27120818,27121886,27145039,1010,1068
2936733136c3e,0,27990524,pareto,300.000000,1.000000,1000,27145580,27146629,27169710,1000,1049
2936733136c3e,0,27990524,pareto,300.000000,1.000000,1000,27170165,27171228,27191638,1003,1063
2936733136c3e,0,27990524,pareto,300.000000,1.000000,1000,27192101,27193152,27213566,1002,1051
2936733136c3e,0,27990524,pareto,300.000000,1.000000,1000,27214034,27215083,27240077,1000,1049
2936733136c3e,0,27990524,pareto,300.000000,1.000000,1000,27240612,27241680,27262128,1010,1068
2936733136c3e,0,27990524,pareto,300.000000,1.000000,1000,27262633,27263684,27286334,1000,1051
2936733136c3e,0,27990524,pareto,300.000000,1.000000,1000,27286785,27287842,27308245,1004,1057
2936733136c3e,0,27990524,pareto,300.000000,1.000000,1000,27308717,27309772,27332458,1000,1055
2936733136c3e,0,27990524,pareto,300.000000,1.000000,1000,27332897,27333955,27354325,1002,1058
2936733136c3e,0,27990524,pareto,300.000000,1.000000,1000,27354789,27355845,27376198,1005,1056
2936733136c3e,0,27990524,pareto,300.000000,1.000000,1000,27376678,27377737,27400278,1001,1059
2936733136c3e,0,27990524,pareto,300.000000,1.000000,1000,27400728,27401785,27422174,1003,1057
2936733136c3e,0,27990524,pareto,300.000000,1.000000,1000,27422620,27423669,27446265,1001,1049
2936733136c3e,0,27990524,pareto,300.000000,1.000000,1000,27446722,27447784,27468184,1008,1062
2936733136c3e,0,27990524,pareto,300.000000,1.000000,1000,27468691,27469747,27492400,1000,1056
2936733136c3e,0,27990524,pareto,300.000000,1.000000,1000,27492892,27493953,27514356,1000,1061
2936733136c3e,0,27990524,pareto,300.000000,1.000000,1000,27514808,27515871,27536250,1007,1063
2936733136c3e,0,27990524,pareto,300.000000,1.000000,1000,27536714,27537772,27560374,1000,1058
2936733136c3e,0,27990524,pareto,300.000000,1.000000,1000,27560863,27561922,27582296,1000,1059
2936733136c3e,0,27990524,pareto,300.000000,1.000000,1000,27582731,27583785,27606371,1001,1054
2936733136c3e,0,27990524,pareto,300.000000,1.000000,1000,27606821,27607878,27628258,1002,1057
2936733136c3e,0,27990524,pareto,300.000000,1.000000,1000,27628709,27629757,27652416,1002,1048
2936733136c3e,0,27990524,pareto,300.000000,1.000000,1000,27652870,27653927,27674311,1001,1057
2936733136c3e,0,27990524,pareto,300.000000,1.000000,1000,27674736,27675791,27698347,1002,1055
2936733136c3e,0,27990524,pareto,300.000000,1.000000,1000,27698802,27699864,27720263,1005,1062
2936733136c3e,0,27990524,pareto,300.000000,1.000000,1000,27720732,27721793,27742210,1001,1061
2936733136c3e,0,27990524,pareto,300.000000,1.000000,1000,27742644,27743705,27767127,1008,1061
2936733136c3e,0,27990524,pareto,300.000000,1.000000,1000,27767584,27768653,27789092,1007,1069
2936733136c3e,0,27990524,pareto,300.000000,1.000000,1000,27789521,27790581,27813090,1002,1060
2936733136c3e,0,27990524,pareto,300.000000,1.000000,1000,27813548,27814611,27835017,1004,1063
2936733136c3e,0,27990524,pareto,300.000000,1.000000,1000,27835492,27836542,27859098,1001,1050
2936733136c3e,0,27990524,pareto,300.000000,1.000000,1000,27859540,27860601,27880990,1007,1061
2936733136c3e,0,27990524,pareto,300.000000,1.000000,1000,27881448,27882496,27902870,1002,1048
2936733136c3e,0,27990524,pareto,300.000000,1.000000,1000,27903337,27904396,27927126,1000,1059

