df3fcec1e9220,0,23871629,pareto,300.000000,1.000000,1000,28729,29891,148884,1004,1162
df3fcec1e9220,0,23871629,pareto,300.000000,1.000000,1000,173168,174331,217184,1004,1163
df3fcec1e9220,0,23871629,pareto,300.000000,1.000000,1000,221039,222152,262392,1007,1113
df3fcec1e9220,0,23871629,pareto,300.000000,1.000000,1000,267825,268947,313366,1001,1122
df3fcec1e9220,0,23871629,pareto,300.000000,1.000000,1000,319288,320398,360308,1000,1110
df3fcec1e9220,0,23871629,pareto,300.000000,1.000000,1000,361251,362369,405802,1005,1118
df3fcec1e9220,0,23871629,pareto,300.000000,1.000000,1000,406767,407875,447138,1002,1108
df3fcec1e9220,0,23871629,pareto,300.000000,1.000000,1000,450925,452037,495501,1000,1112
df3fcec1e9220,0,23871629,pareto,300.000000,1.000000,1000,496494,497604,536832,1006,1110
df3fcec1e9220,0,23871629,pareto,300.000000,1.000000,1000,537789,538882,578060,1002,1093
df3fcec1e9220,0,23871629,pareto,300.000000,1.000000,1000,578975,580068,623229,1002,1093
df3fcec1e9220,0,23871629,pareto,300.000000,1.000000,1000,624196,625303,664487,1007,1107
df3fcec1e9220,0,23871629,pareto,300.000000,1.000000,1000,665402,666495,709603,1003,1093
df3fcec1e9220,0,23871629,pareto,300.000000,1.000000,1000,710575,711685,750939,1001,1110
df3fcec1e9220,0,23871629,pareto,300.000000,1.000000,1000,751851,752974,795942,1012,1123
df3fcec1e9220,0,23871629,pareto,300.000000,1.000000,1000,796904,798010,837218,1008,1106
df3fcec1e9220,0,23871629,pareto,300.000000,1.000000,1000,838088,839195,878299,1008,1107
df3fcec1e9220,0,23871629,pareto,300.000000,1.000000,1000,881964,883074,926580,1000,1110
df3fcec1e9220,0,23871629,pareto,300.000000,1.000000,1000,927547,928657,967841,1001,1110
df3fcec1e9220,0,23871629,pareto,300.000000,1.000000,1000,968775,969885,1013004,1001,1110
df3fcec1e9220,0,23871629,pareto,300.000000,1.000000,1000,1016655,1017771,1057622,1000,1116
df3fcec1e9220,0,23871629,pareto,300.000000,1.000000,1000,1058689,1059799,1103125,1000,1110
df3fcec1e9220,0,23871629,pareto,300.000000,1.000000,1000,1104093,1105198,1144401,1003,1105
df3fcec1e9220,0,23871629,pareto,300.000000,1.000000,1000,1145244,1146336,1201544,1003,1092
df3fcec1e9220,0,23871629,pareto,300.000000,1.000000,1000,1202721,1203831,1248845,1005,1110
df3fcec1e9220,0,23871629,pareto,300.000000,1.000000,1000,1249800,1250907,1278908,1001,1107
df3fcec1e9220,0,23871629,pareto,300.000000,1.000000,1000,1279451,1280505,1304378,1003,1054
df3fcec1e9220,0,23871629,pareto,300.000000,1.000000,1000,1304873,1305928,1326422,1003,1055
df3fcec1e9220,0,23871629,pareto,300.000000,1.000000,1000,1326943,1328002,1350680,1003,1059
df3fcec1e9220,0,23871629,pareto,300.000000,1.000000,1000,1351322,1352377,1372880,1002,1055
df3fcec1e9220,0,23871629,pareto,300.000000,1.000000,1000,1373285,1374339,1394777,1006,1054
df3fcec1e9220,0,23871629,pareto,300.000000,1.000000,1000,1395308,1396367,1419082,1001,1059
df3fcec1e9220,0,23871629,pareto,300.000000,1.000000,1000,1419706,1420761,1441267,1000,1055
df3fcec1e9220,0,23871629,pareto,300.000000,1.000000,1000,1441789,1442836,1465587,1003,1047
df3fcec1e9220,0,23871629,pareto,300.000000,1.000000,1000,1466221,1467276,1487757,1000,1055
df3fcec1e9220,0,23871629,pareto,300.000000,1.000000,1000,1490399,1491456,1514354,1004,1057
df3fcec1e9220,0,23871629,pareto,300.000000,1.000000,1000,1514988,1516044,1536569,1000,1056
df3fcec1e9220,0,23871629,pareto,300.000000,1.000000,1000,1537094,1538148,1558611,1004,1054
df3fcec1e9220,0,23871629,pareto,300.000000,1.000000,1000,1559143,1560197,1582952,1001,1054
df3fcec1e9220,0,23871629,pareto,300.000000,1.000000,1000,1583585,1584643,1605176,1000,1058
df3fcec1e9220,0,23871629,pareto,300.000000,1.000000,1000,1605732,1606787,1629363,1003,1055
df3fcec1e9220,0,23871629,pareto,300.000000,1.000000,1000,1629838,1630892,1651290,1003,1054
df3fcec1e9220,0,23871629,pareto,300.000000,1.000000,1000,1651837,1652881,1675634,1000,1044
df3fcec1e9220,0,23871629,pareto,300.000000,1.000000,1000,1676213,1677267,1697693,1002,1054
df3fcec1e9220,0,23871629,pareto,300.000000,1.000000,1000,1698158,1699212,1719575,1007,1054
df3fcec1e9220,0,23871629,pareto,300.000000,1.000000,1000,1720035,1721082,1743818,1003,1047
df3fcec1e9220,0,23871629,pareto,300.000000,1.000000,1000,1744457,1745512,1765995,1000,1055
df3fcec1e9220,0,23871629,pareto,300.000000,1.000000,1000,1766484,1767532,1795364,1000,1048
df3fcec1e9220,0,23871629,pareto,300.000000,1.000000,1000,1795883,1796936,1817467,1001,1053
df3fcec1e9220,0,23871629,pareto,300.000000,1.000000,1000,1818083,1819131,1841897,1000,1048
df3fcec1e9220,0,23871629,pareto,300.000000,1.000000,1000,1842379,1843444,1863948,1008,1065
df3fcec1e9220,0,23871629,pareto,300.000000,1.000000,1000,1864450,1865498,1885958,1000,1048
df3fcec1e9220,0,23871629,pareto,300.000000,1.000000,1000,1886479,1887533,1910164,1004,1054
df3fcec1e9220,0,23871629,pareto,300.000000,1.000000,1000,1910808,1911862,1932373,1000,1054
df3fcec1e9220,0,23871629,pareto,300.000000,1.000000,1000,1932838,1933892,1960594,1001,1054
df3fcec1e9220,0,23871629,pareto,300.000000,1.000000,1000,1961256,1962310,1982818,1000,1054
df3fcec1e9220,0,23871629,pareto,300.000000,1.000000,1000,1983267,1984315,2008029,1002,1048
df3fcec1e9220,0,23871629,pareto,300.000000,1.000000,1000,2008568,2009635,2030109,1006,1067
df3fcec1e9220,0,23871629,pareto,300.000000,1.000000,1000,2030664,2031706,2052160,1000,1042
df3fcec1e9220,0,23871629,pareto,300.000000,1.000000,1000,2052569,2053615,2076363,1002,1046
df3fcec1e9220,0,23871629,pareto,300.000000,1.000000,1000,2076908,2077962,2098430,1001,1054
df3fcec1e9220,0,23871629,pareto,300.000000,1.000000,1000,2098942,2099990,2122942,1002,1048
df3fcec1e9220,0,23871629,pareto,300.000000,1.000000,1000,2123420,2124475,2144933,1004,1055
df3fcec1e9220,0,23871629,pareto,300.000000,1.000000,1000,2145454,2146509,2172801,1003,1055
df3fcec1e9220,0,23871629,pareto,300.000000,1.000000,1000,2173458,2174514,2195290,1001,1056
df3fcec1e9220,0,23871629,pareto,300.000000,1.000000,1000,2195762,2196817,2217286,1002,1055
df3fcec1e9220,0,23871629,pareto,300.000000,1.000000,1000,2217838,2218892,2241988,1000,1054
df3fcec1e9220,0,23871629,pareto,300.000000,1.000000,1000,2242526,2243589,2264067,1003,1063
df3fcec1e9220,0,23871629,pareto,300.000000,1.000000,1000,2264627,2265675,2288522,1001,1048
df3fcec1e9220,0,23871629,pareto,300.000000,1.000000,1000,2289097,2290156,2310673,1000,1059
df3fcec1e9220,0,23871629,pareto,300.000000,1.000000,1000,2311147,2312207,2335081,1002,1060
df3fcec1e9220,0,23871629,pareto,300.000000,1.000000,1000,2335678,2336731,2357233,1000,1053
df3fcec1e9220,0,23871629,pareto,300.000000,1.000000,1000,2357699,2358754,2379211,1003,1055
df3fcec1e9220,0,23871629,pareto,300.000000,1.000000,1000,2379615,2380663,2403331,1002,1048
df3fcec1e9220,0,23871629,pareto,300.000000,1.000000,1000,2403948,2405002,2425519,1000,1054
df3fcec1e9220,0,23871629,pareto,300.000000,1.000000,1000,2425993,2427048,2449874,1008,1055
df3fcec1e9220,0,23871629,pareto,300.000000,1.000000,1000,2450390,2451444,2471928,1000,1054
df3fcec1e9220,0,23871629,pareto,300.000000,1.000000,1000,2472457,2473512,2496367,1003,1055
df3fcec1e9220,0,23871629,pareto,300.000000,1.000000,1000,2496944,2497998,2518490,1000,1054
df3fcec1e9220,0,23871629,pareto,300.000000,1.000000,1000,2519019,2520073,2540558,1001,1054
df3fcec1e9220,0,23871629,pareto,300.000000,1.000000,1000,2540962,2542017,2564839,1003,1055
df3fcec1e9220,0,23871629,pareto,300.000000,1.000000,1000,2565280,2566335,2586825,1004,1055
df3fcec1e9220,0,23871629,pareto,300.000000,1.000000,1000,2587292,2588345,2611000,1004,1053
df3fcec1e9220,0,23871629,pareto,300.000000,1.000000,1000,2611523,2612583,2633088,1000,1060
df3fcec1e9220,0,23871629,pareto,300.000000,1.000000,1000,2633490,2634544,2657448,1001,1054
df3fcec1e9220,0,23871629,pareto,300.000000,1.000000,1000,2657868,2658933,2679413,1005,1065
df3fcec1e9220,0,23871629,pareto,300.000000,1.000000,1000,2679934,2680981,2701423,1002,1047
df3fcec1e9220,0,23871629,pareto,300.000000,1.000000,1000,2701861,2702908,2725647,1003,1047
df3fcec1e9220,0,23871629,pareto,300.000000,1.000000,1000,2726130,2727183,2747671,1002,1053
df3fcec1e9220,0,23871629,pareto,300.000000,1.000000,1000,2748338,2749392,2773212,1006,1054
df3fcec1e9220,0,23871629,pareto,300.000000,1.000000,1000,2773704,2774760,2795264,1003,1056
df3fcec1e9220,0,23871629,pareto,300.000000,1.000000,1000,2795820,2796868,2819635,1000,1048
df3fcec1e9220,0,23871629,pareto,300.000000,1.000000,1000,2820212,2821264,2841794,1000,1052
df3fcec1e9220,0,23871629,pareto,300.000000,1.000000,1000,2842261,2843322,2863771,1004,1061
df3fcec1e9220,0,23871629,pareto,300.000000,1.000000,1000,2864273,2865321,2888159,1000,1048
df3fcec1e9220,0,23871629,pareto,300.000000,1.000000,1000,2888641,2889704,2910178,1006,1063
df3fcec1e9220,0,23871629,pareto,300.000000,1.000000,1000,2910747,2911795,2934605,1001,1048
df3fcec1e9220,0,23871629,pareto,300.000000,1.000000,1000,2935029,2936083,2956570,1001,1054
df3fcec1e9220,0,23871629,pareto,300.000000,1.000000,1000,2957096,2958144,2982269,1001,1048
df3fcec1e9220,0,23871629,pareto,300.000000,1.000000,1000,2982820,2983879,3004401,1001,1059
df3fcec1e9220,0,23871629,pareto,300.000000,1.000000,1000,3004828,3005882,3026334,1003,1054
df3fcec1e9220,0,23871629,pareto,300.000000,1.000000,1000,3026768,3027827,3050779,1005,1059
df3fcec1e9220,0,23871629,pareto,300.000000,1.000000,1000,3051337,3052397,3072883,1004,1060
df3fcec1e9220,0,23871629,pareto,300.000000,1.000000,1000,3073414,3074473,3097125,1008,1059
df3fcec1e9220,0,23871629,pareto,300.000000,1.000000,1000,3097593,3098660,3119145,1006,1067
df3fcec1e9220,0,23871629,pareto,300.000000,1.000000,1000,3119561,3120616,3143383,1002,1055
df3fcec1e9220,0,23871629,pareto,300.000000,1.000000,1000,3143870,3144944,3167923,1012,1074
df3fcec1e9220,0,23871629,pareto,300.000000,1.000000,1000,3168484,3169551,3192656,1007,1067
df3fcec1e9220,0,23871629,pareto,300.000000,1.000000,1000,3193083,3194144,3214671,1002,1061
df3fcec1e9220,0,23871629,pareto,300.000000,1.000000,1000,3215183,3216238,3236732,1000,1055
df3fcec1e9220,0,23871629,pareto,300.000000,1.000000,1000,3237197,3238245,3261006,1002,1048
df3fcec1e9220,0,23871629,pareto,300.000000,1.000000,1000,3261528,3262583,3283094,1000,1055
df3fcec1e9220,0,23871629,pareto,300.000000,1.000000,1000,3283627,3284675,3307329,1001,1048
df3fcec1e9220,0,23871629,pareto,300.000000,1.000000,1000,3307857,3308914,3329438,1003,1057
df3fcec1e9220,0,23871629,pareto,300.000000,1.000000,1000,3329841,3330896,3353544,1001,1055
df3fcec1e9220,0,23871629,pareto,300.000000,1.000000,1000,3354068,3355115,3375619,1000,1047
df3fcec1e9220,0,23871629,pareto,300.000000,1.000000,1000,3376123,3377177,3397634,1000,1054
df3fcec1e9220,0,23871629,pareto,300.000000,1.000000,1000,3398108,3399156,3421808,1002,1048
df3fcec1e9220,0,23871629,pareto,300.000000,1.000000,1000,3422350,3423403,3443887,1001,1053
df3fcec1e9220,0,23871629,pareto,300.000000,1.000000,1000,3444409,3445464,3468161,1001,1055
df3fcec1e9220,0,23871629,pareto,300.000000,1.000000,1000,3468662,3469710,3490191,1001,1048
df3fcec1e9220,0,23871629,pareto,300.000000,1.000000,1000,3490692,3491745,3515306,1000,1053
df3fcec1e9220,0,23871629,pareto,300.000000,1.000000,1000,3515816,3516873,3537338,1006,1057
df3fcec1e9220,0,23871629,pareto,300.000000,1.000000,1000,3537791,3538845,3559314,1004,1054
df3fcec1e9220,0,23871629,pareto,300.000000,1.000000,1000,3559944,3560999,3586517,1001,1055
df3fcec1e9220,0,23871629,pareto,300.000000,1.000000,1000,3587095,3588150,3608706,1003,1055
df3fcec1e9220,0,23871629,pareto,300.000000,1.000000,1000,3609269,3610317,3635248,1000,1048
df3fcec1e9220,0,23871629,pareto,300.000000,1.000000,1000,3635784,3636838,3657352,1006,1054
df3fcec1e9220,0,23871629,pareto,300.000000,1.000000,1000,3657894,3658942,3728569,1000,1048
df3fcec1e9220,0,23871629,pareto,300.000000,1.000000,1000,3729050,3730109,3750707,1002,1059
df3fcec1e9220,0,23871629,pareto,300.000000,1.000000,1000,3751112,3752166,3772613,1002,1054
df3fcec1e9220,0,23871629,pareto,300.000000,1.000000,1000,3773089,3774143,3796851,1003,1054
df3fcec1e9220,0,23871629,pareto,300.000000,1.000000,1000,3797334,3798388,3818906,1003,1054
df3fcec1e9220,0,23871629,pareto,300.000000,1.000000,1000,3819425,3820472,3843173,1000,1047
df3fcec1e9220,0,23871629,pareto,300.000000,1.000000,1000,3843599,3844655,3865094,1002,1056
df3fcec1e9220,0,23871629,pareto,300.000000,1.000000,1000,3865517,3866572,3889264,1004,1055
df3fcec1e9220,0,23871629,pareto,300.000000,1.000000,1000,3889729,3890776,3911269,1000,1047
df3fcec1e9220,0,23871629,pareto,300.000000,1.000000,1000,3911785,3912839,3933311,1000,1054
df3fcec1e9220,0,23871629,pareto,300.000000,1.000000,1000,3935860,3936918,3959792,1007,1058
df3fcec1e9220,0,23871629,pareto,300.000000,1.000000,1000,3960324,3961379,3981860,1000,1055
df3fcec1e9220,0,23871629,pareto,300.000000,1.000000,1000,3982412,3983470,4006117,1000,1058
df3fcec1e9220,0,23871629,pareto,300.000000,1.000000,1000,4006603,4007656,4028119,1005,1053
df3fcec1e9220,0,23871629,pareto,300.000000,1.000000,1000,4028542,4029607,4052183,1012,1065
df3fcec1e9220,0,23871629,pareto,300.000000,1.000000,1000,4052699,4053758,4074229,1000,1059
df3fcec1e9220,0,23871629,pareto,300.000000,1.000000,1000,4074727,4075775,4096220,1000,1048
df3fcec1e9220,0,23871629,pareto,300.000000,1.000000,1000,4096748,4097796,4120468,1003,1048
df3fcec1e9220,0,23871629,pareto,300.000000,1.000000,1000,4120941,4121996,4142449,1000,1055
df3fcec1e9220,0,23871629,pareto,300.000000,1.000000,1000,4142918,4143972,4169435,1009,1054
df3fcec1e9220,0,23871629,pareto,300.000000,1.000000,1000,4170011,4171069,4191794,1002,1058
df3fcec1e9220,0,23871629,pareto,300.000000,1.000000,1000,4192254,4193314,4216382,1001,1060
df3fcec1e9220,0,23871629,pareto,300.000000,1.000000,1000,4216876,4217934,4238378,1001,1058
df3fcec1e9220,0,23871629,pareto,300.000000,1.000000,1000,4238794,4239842,4260240,1003,1048
df3fcec1e9220,0,23871629,pareto,300.000000,1.000000,1000,4260651,4261710,4285252,1010,1059
df3fcec1e9220,0,23871629,pareto,300.000000,1.000000,1000,4285787,4286853,4307288,1006,1066
df3fcec1e9220,0,23871629,pareto,300.000000,1.000000,1000,4307700,4308762,4331436,1014,1062
df3fcec1e9220,0,23871629,pareto,300.000000,1.000000,1000,4331969,4333024,4353431,1002,1055
df3fcec1e9220,0,23871629,pareto,300.000000,1.000000,1000,4353995,4355043,4377661,1000,1048
df3fcec1e9220,0,23871629,pareto,300.000000,1.000000,1000,4378144,4379199,4399678,1002,1055
df3fcec1e9220,0,23871629,pareto,300.000000,1.000000,1000,4400139,4401194,4421577,1003,1055
df3fcec1e9220,0,23871629,pareto,300.000000,1.000000,1000,4421983,4423042,4445765,1002,1059
df3fcec1e9220,0,23871629,pareto,300.000000,1.000000,1000,4446330,4447384,4467805,1000,1054
df3fcec1e9220,0,23871629,pareto,300.000000,1.000000,1000,4468250,4469304,4491911,1000,1054
df3fcec1e9220,0,23871629,pareto,300.000000,1.000000,1000,4492341,4493396,4513768,1002,1055
df3fcec1e9220,0,23871629,pareto,300.000000,1.000000,1000,4514172,4515230,4537802,1005,1058
df3fcec1e9220,0,23871629,pareto,300.000000,1.000000,1000,4538303,4539357,4559797,1004,1054
df3fcec1e9220,0,23871629,pareto,300.000000,1.000000,1000,4560275,4561330,4581716,1004,1055
df3fcec1e9220,0,23871629,pareto,300.000000,1.000000,1000,4582194,4583242,4605785,1001,1048
df3fcec1e9220,0,23871629,pareto,300.000000,1.000000,1000,4606222,4607269,4627707,1001,1047
df3fcec1e9220,0,23871629,pareto,300.000000,1.000000,1000,4628114,4629168,4651761,1003,1054
df3fcec1e9220,0,23871629,pareto,300.000000,1.000000,1000,4652288,4653347,4673763,1000,1059
df3fcec1e9220,0,23871629,pareto,300.000000,1.000000,1000,4674228,4675275,4697876,1002,1047
df3fcec1e9220,0,23871629,pareto,300.000000,1.000000,1000,4698403,4699457,4719874,1000,1054
df3fcec1e9220,0,23871629,pareto,300.000000,1.000000,1000,4720309,4721357,4741736,1000,1048
df3fcec1e9220,0,23871629,pareto,300.000000,1.000000,1000,4742236,4743284,4765913,1000,1048
df3fcec1e9220,0,23871629,pareto,300.000000,1.000000,1000,4766390,4767451,4787851,1004,1061
df3fcec1e9220,0,23871629,pareto,300.000000,1.000000,1000,4788268,4789322,4811875,1003,1054
df3fcec1e9220,0,23871629,pareto,300.000000,1.000000,1000,4812407,4813461,4833869,1001,1054
df3fcec1e9220,0,23871629,pareto,300.000000,1.000000,1000,4834278,4835333,4857893,1002,1055
df3fcec1e9220,0,23871629,pareto,300.000000,1.000000,1000,4858319,4859377,4879779,1002,1058
df3fcec1e9220,0,23871629,pareto,300.000000,1.000000,1000,4880236,4881291,4901698,1001,1055
df3fcec1e9220,0,23871629,pareto,300.000000,1.000000,1000,4902130,4903178,4925744,1001,1048
df3fcec1e9220,0,23871629,pareto,300.000000,1.000000,1000,4926263,4927317,4947743,1000,1054
df3fcec1e9220,0,23871629,pareto,300.000000,1.000000,1000,4948269,4949317,4971886,1001,1048
df3fcec1e9220,0,23871629,pareto,300.000000,1.000000,1000,4972375,4973434,4993834,1004,1059
df3fcec1e9220,0,23871629,pareto,300.000000,1.000000,1000,4994243,4995301,5018808,1003,1058
df3fcec1e9220,0,23871629,pareto,300.000000,1.000000,1000,5019240,5020295,5040755,1004,1055
df3fcec1e9220,0,23871629,pareto,300.000000,1.000000,1000,5041259,5042314,5062714,1000,1055
df3fcec1e9220,0,23871629,pareto,300.000000,1.000000,1000,5063137,5064192,5086784,1010,1055
df3fcec1e9220,0,23871629,pareto,300.000000,1.000000,1000,5087209,5088267,5108665,1002,1058
df3fcec1e9220,0,23871629,pareto,300.000000,1.000000,1000,5109131,5110186,5132770,1001,1055
df3fcec1e9220,0,23871629,pareto,300.000000,1.000000,1000,5133239,5134293,5157317,1001,1054
df3fcec1e9220,0,23871629,pareto,300.000000,1.000000,1000,5157835,5158891,5182086,1002,1056
df3fcec1e9220,0,23871629,pareto,300.000000,1.000000,1000,5182529,5183585,5204068,1001,1056
df3fcec1e9220,0,23871629,pareto,300.000000,1.000000,1000,5204473,5205532,5225947,1002,1059
df3fcec1e9220,0,23871629,pareto,300.000000,1.000000,1000,5226461,5227516,5250174,1001,1055
df3fcec1e9220,0,23871629,pareto,300.000000,1.000000,1000,5250675,5251733,5272233,1003,1058
df3fcec1e9220,0,23871629,pareto,300.000000,1.000000,1000,5272688,5273743,5298338,1000,1055
df3fcec1e9220,0,23871629,pareto,300.000000,1.000000,1000,5298786,5299841,5320233,1005,1055
df3fcec1e9220,0,23871629,pareto,300.000000,1.000000,1000,5320646,5321707,5344346,1012,1061
df3fcec1e9220,0,23871629,pareto,300.000000,1.000000,1000,5344763,5345818,5366225,1005,1055
df3fcec1e9220,0,23871629,pareto,300.000000,1.000000,1000,5366649,5367714,5388093,1011,1065
df3fcec1e9220,0,23871629,pareto,300.000000,1.000000,1000,5388605,5389659,5414844,1000,1054
df3fcec1e9220,0,23871629,pareto,300.000000,1.000000,1000,5415454,5416508,5436938,1000,1054
df3fcec1e9220,0,23871629,pareto,300.000000,1.000000,1000,5437462,5438510,5461155,1000,1048
df3fcec1e9220,0,23871629,pareto,300.000000,1.000000,1000,5461695,5462756,5483158,1007,1061
df3fcec1e9220,0,23871629,pareto,300.000000,1.000000,1000,5483732,5484791,5507564,1000,1059
df3fcec1e9220,0,23871629,pareto,300.000000,1.000000,1000,5507995,5509048,5529464,1001,1053
df3fcec1e9220,0,23871629,pareto,300.000000,1.000000,1000,5529918,5530979,5551372,1009,1061
df3fcec1e9220,0,23871629,pareto,300.000000,1.000000,1000,5551782,5552843,5575437,1011,1061
df3fcec1e9220,0,23871629,pareto,300.000000,1.000000,1000,5575958,5577012,5597415,1000,1054
df3fcec1e9220,0,23871629,pareto,300.000000,1.000000,1000,5597828,5598882,5621429,1008,1054
df3fcec1e9220,0,23871629,pareto,300.000000,1.000000,1000,5621876,5622941,5643399,1005,1065
df3fcec1e9220,0,23871629,pareto,300.000000,1.000000,1000,5643865,5644931,5667625,1008,1066
df3fcec1e9220,0,23871629,pareto,300.000000,1.000000,1000,5668119,5669180,5689603,1009,1061
df3fcec1e9220,0,23871629,pareto,300.000000,1.000000,1000,5690003,5691058,5711432,1001,1055
df3fcec1e9220,0,23871629,pareto,300.000000,1.000000,1000,5711898,5712953,5735605,1002,1055
df3fcec1e9220,0,23871629,pareto,300.000000,1.000000,1000,5736102,5737163,5757581,1009,1061
df3fcec1e9220,0,23871629,pareto,300.000000,1.000000,1000,5758041,5759095,5782548,1001,1054
df3fcec1e9220,0,23871629,pareto,300.000000,1.000000,1000,5783027,5784093,5804613,1000,1066
df3fcec1e9220,0,23871629,pareto,300.000000,1.000000,1000,5805034,5806082,5828766,1003,1048
df3fcec1e9220,0,23871629,pareto,300.000000,1.000000,1000,5829217,5830271,5850680,1003,1054
df3fcec1e9220,0,23871629,pareto,300.000000,1.000000,1000,5851155,5852209,5872591,1001,1054
df3fcec1e9220,0,23871629,pareto,300.000000,1.000000,1000,5872996,5874062,5896616,1008,1066
df3fcec1e9220,0,23871629,pareto,300.000000,1.000000,1000,5897058,5898115,5918552,1001,1057
df3fcec1e9220,0,23871629,pareto,300.000000,1.000000,1000,5918956,5920014,5942550,1005,1058
df3fcec1e9220,0,23871629,pareto,300.000000,1.000000,1000,5943045,5944110,5964564,1010,1065
df3fcec1e9220,0,23871629,pareto,300.000000,1.000000,1000,5965092,5966157,5988765,1013,1065
df3fcec1e9220,0,23871629,pareto,300.000000,1.000000,1000,5989212,5990276,6010721,1004,1064
df3fcec1e9220,0,23871629,pareto,300.000000,1.000000,1000,6011284,6012339,6032732,1000,1055
df3fcec1e9220,0,23871629,pareto,300.000000,1.000000,1000,6033142,6034190,6056751,1001,1048
df3fcec1e9220,0,23871629,pareto,300.000000,1.000000,1000,6057191,6058255,6078671,1005,1064
df3fcec1e9220,0,23871629,pareto,300.000000,1.000000,1000,6079176,6080224,6102840,1000,1048
df3fcec1e9220,0,23871629,pareto,300.000000,1.000000,1000,6103342,6104390,6124827,1001,1048
df3fcec1e9220,0,23871629,pareto,300.000000,1.000000,1000,6125390,6126438,6149043,1000,1048
df3fcec1e9220,0,23871629,pareto,300.000000,1.000000,1000,6149468,6150527,6174364,1004,1059
df3fcec1e9220,0,23871629,pareto,300.000000,1.000000,1000,6174866,6175929,6198884,1004,1063
df3fcec1e9220,0,23871629,pareto,300.000000,1.000000,1000,6199428,6200484,6220945,1001,1056
df3fcec1e9220,0,23871629,pareto,300.000000,1.000000,1000,6221359,6222413,6242777,1005,1054
df3fcec1e9220,0,23871629,pareto,300.000000,1.000000,1000,6243236,6244290,6266927,1001,1054
df3fcec1e9220,0,23871629,pareto,300.000000,1.000000,1000,6267421,6268488,6288928,1009,1067
df3fcec1e9220,0,23871629,pareto,300.000000,1.000000,1000,6291441,6292497,6315287,1001,1056
df3fcec1e9220,0,23871629,pareto,300.000000,1.000000,1000,6315763,6316818,6337255,1002,1055
df3fcec1e9220,0,23871629,pareto,300.000000,1.000000,1000,6337769,6338823,6361433,1000,1054
df3fcec1e9220,0,23871629,pareto,300.000000,1.000000,1000,6361869,6362923,6383304,1001,1054
df3fcec1e9220,0,23871629,pareto,300.000000,1.000000,1000,6383713,6384767,6405097,1006,1054
df3fcec1e9220,0,23871629,pareto,300.000000,1.000000,1000,6405511,6406575,6429135,1008,1064
df3fcec1e9220,0,23871629,pareto,300.000000,1.000000,1000,6429615,6430675,6451035,1005,1060
df3fcec1e9220,0,23871629,pareto,300.000000,1.000000,1000,6451450,6452504,6475967,1006,1054
df3fcec1e9220,0,23871629,pareto,300.000000,1.000000,1000,6476569,6477625,6498038,1000,1056
df3fcec1e9220,0,23871629,pareto,300.000000,1.000000,1000,6498517,6499563,6522174,1001,1046
df3fcec1e9220,0,23871629,pareto,300.000000,1.000000,1000,6522673,6523726,6544121,1001,1053
df3fcec1e9220,0,23871629,pareto,300.000000,1.000000,1000,6544538,6545601,6565957,1002,1063
df3fcec1e9220,0,23871629,pareto,300.000000,1.000000,1000,6566439,6567494,6590064,1000,1055
df3fcec1e9220,0,23871629,pareto,300.000000,1.000000,1000,6590497,6591570,6612003,1010,1073
df3fcec1e9220,0,23871629,pareto,300.000000,1.000000,1000,6612510,6613566,6636067,1000,1056
df3fcec1e9220,0,23871629,pareto,300.000000,1.000000,1000,6636569,6637638,6658005,1016,1069
df3fcec1e9220,0,23871629,pareto,300.000000,1.000000,1000,6658560,6659615,6682097,1000,1055
df3fcec1e9220,0,23871629,pareto,300.000000,1.000000,1000,6682549,6683609,6704025,1005,1060
df3fcec1e9220,0,23871629,pareto,300.000000,1.000000,1000,6704461,6705516,6725910,1001,1055
df3fcec1e9220,0,23871629,pareto,300.000000,1.000000,1000,6726369,6727424,6749984,1000,1055
df3fcec1e9220,0,23871629,pareto,300.000000,1.000000,1000,6750428,6751483,6771896,1001,1055
df3fcec1e9220,0,23871629,pareto,300.000000,1.000000,1000,6772375,6773429,6795963,1002,1054
df3fcec1e9220,0,23871629,pareto,300.000000,1.000000,1000,6796448,6797513,6817896,1003,1065
df3fcec1e9220,0,23871629,pareto,300.000000,1.000000,1000,6818313,6819366,6841920,1003,1053
df3fcec1e9220,0,23871629,pareto,300.000000,1.000000,1000,6842368,6843429,6863847,1007,1061
df3fcec1e9220,0,23871629,pareto,300.000000,1.000000,1000,6864341,6865399,6885832,1000,1058
df3fcec1e9220,0,23871629,pareto,300.000000,1.000000,1000,6886340,6887394,6912515,1000,1054
df3fcec1e9220,0,23871629,pareto,300.000000,1.000000,1000,6912982,6914037,6934462,1002,1055
df3fcec1e9220,0,23871629,pareto,300.000000,1.000000,1000,6934969,6936017,6958820,1000,1048
df3fcec1e9220,0,23871629,pareto,300.000000,1.000000,1000,6959265,6960318,6980766,1002,1053
df3fcec1e9220,0,23871629,pareto,300.000000,1.000000,1000,6981170,6982224,7004796,1002,1054
df3fcec1e9220,0,23871629,pareto,300.000000,1.000000,1000,7005330,7006384,7026798,1000,1054
df3fcec1e9220,0,23871629,pareto,300.000000,1.000000,1000,7027282,7028336,7048733,1001,1054
df3fcec1e9220,0,23871629,pareto,300.000000,1.000000,1000,7049205,7050265,7072882,1013,1060
df3fcec1e9220,0,23871629,pareto,300.000000,1.000000,1000,7073375,7074433,7094840,1003,1058
df3fcec1e9220,0,23871629,pareto,300.000000,1.000000,1000,7095299,7096353,7118942,1000,1054
df3fcec1e9220,0,23871629,pareto,300.000000,1.000000,1000,7119407,7120464,7140942,1000,1057
df3fcec1e9220,0,23871629,pareto,300.000000,1.000000,1000,7141360,7142408,7170340,1002,1048
df3fcec1e9220,0,23871629,pareto,300.000000,1.000000,1000,7171008,7172066,7192711,1000,1058
df3fcec1e9220,0,23871629,pareto,300.000000,1.000000,1000,7193131,7194189,7214630,1001,1058
df3fcec1e9220,0,23871629,pareto,300.000000,1.000000,1000,7215035,7216089,7239832,1004,1054
df3fcec1e9220,0,23871629,pareto,300.000000,1.000000,1000,7240265,7241321,7261762,1001,1056
df3fcec1e9220,0,23871629,pareto,300.000000,1.000000,1000,7262227,7263274,7285911,1004,1047
df3fcec1e9220,0,23871629,pareto,300.000000,1.000000,1000,7286403,7287458,7307914,1001,1055
df3fcec1e9220,0,23871629,pareto,300.000000,1.000000,1000,7308336,7309390,7332004,1004,1054
df3fcec1e9220,0,23871629,pareto,300.000000,1.000000,1000,7332441,7333495,7353975,1001,1054
df3fcec1e9220,0,23871629,pareto,300.000000,1.000000,1000,7354448,7355495,7375833,1000,1047
df3fcec1e9220,0,23871629,pareto,300.000000,1.000000,1000,7376252,7377307,7399862,1005,1055
df3fcec1e9220,0,23871629,pareto,300.000000,1.000000,1000,7400348,7401403,7421764,1002,1055
df3fcec1e9220,0,23871629,pareto,300.000000,1.000000,1000,7422178,7423233,7445774,1002,1055
df3fcec1e9220,0,23871629,pareto,300.000000,1.000000,1000,7446201,7447258,7467638,1004,1057
df3fcec1e9220,0,23871629,pareto,300.000000,1.000000,1000,7468108,7469162,7491698,1005,1054
df3fcec1e9220,0,23871629,pareto,300.000000,1.000000,1000,7492227,7493281,7513704,1000,1054
df3fcec1e9220,0,23871629,pareto,300.000000,1.000000,1000,7514174,7515228,7535612,1003,1054
df3fcec1e9220,0,23871629,pareto,300.000000,1.000000,1000,7536014,7537073,7559673,1003,1059
df3fcec1e9220,0,23871629,pareto,300.000000,1.000000,1000,7560101,7561166,7581600,1003,1065
df3fcec1e9220,0,23871629,pareto,300.000000,1.000000,1000,7582013,7583068,7605640,1010,1055
df3fcec1e9220,0,23871629,pareto,300.000000,1.000000,1000,7606131,7607186,7627616,1002,1055
df3fcec1e9220,0,23871629,pareto,300.000000,1.000000,1000,7628034,7629081,7651678,1003,1047
df3fcec1e9220,0,23871629,pareto,300.000000,1.000000,1000,7652106,7653161,7673577,1001,1055
df3fcec1e9220,0,23871629,pareto,300.000000,1.000000,1000,7673991,7675045,7695422,1003,1054
df3fcec1e9220,0,23871629,pareto,300.000000,1.000000,1000,7695835,7696882,7719457,1001,1047
df3fcec1e9220,0,23871629,pareto,300.000000,1.000000,1000,7719998,7721057,7741497,1000,1059
df3fcec1e9220,0,23871629,pareto,300.000000,1.000000,1000,7741916,7742971,7765550,1007,1055
df3fcec1e9220,0,23871629,pareto,300.000000,1.000000,1000,7765974,7767035,7787415,1008,1061
df3fcec1e9220,0,23871629,pareto,300.000000,1.000000,1000,7787819,7788873,7811437,1002,1054
df3fcec1e9220,0,23871629,pareto,300.000000,1.000000,1000,7811875,7812929,7833349,1002,1054
df3fcec1e9220,0,23871629,pareto,300.000000,1.000000,1000,7833751,7834806,7855186,1001,1055
df3fcec1e9220,0,23871629,pareto,300.000000,1.000000,1000,7855803,7856861,7879442,1000,1058
df3fcec1e9220,0,23871629,pareto,300.000000,1.000000,1000,7879917,7880971,7901470,1000,1054
df3fcec1e9220,0,23871629,pareto,300.000000,1.000000,1000,7901890,7902943,7925596,1002,1053
df3fcec1e9220,0,23871629,pareto,300.000000,1.000000,1000,7926114,7927167,7947615,1000,1053
df3fcec1e9220,0,23871629,pareto,300.000000,1.000000,1000,7948033,7949080,7972468,1002,1047
df3fcec1e9220,0,23871629,pareto,300.000000,1.000000,1000,7972908,7973964,7994385,1001,1056
df3fcec1e9220,0,23871629,pareto,300.000000,1.000000,1000,7994892,7995940,8016364,1000,1048
df3fcec1e9220,0,23871629,pareto,300.000000,1.000000,1000,8016837,8017895,8040489,1005,1058
df3fcec1e9220,0,23871629,pareto,300.000000,1.000000,1000,8040986,8042046,8062458,1001,1060
df3fcec1e9220,0,23871629,pareto,300.000000,1.000000,1000,8062936,8063990,8086575,1001,1054
df3fcec1e9220,0,23871629,pareto,300.000000,1.000000,1000,8087077,8088134,8108541,1001,1057
df3fcec1e9220,0,23871629,pareto,300.000000,1.000000,1000,8109010,8110063,8132673,1001,1053
df3fcec1e9220,0,23871629,pareto,300.000000,1.000000,1000,8133167,8134219,8157276,1001,1052
df3fcec1e9220,0,23871629,pareto,300.000000,1.000000,1000,8157798,8158858,8179522,1002,1060
df3fcec1e9220,0,23871629,pareto,300.000000,1.000000,1000,8179960,8181023,8203897,1003,1063
df3fcec1e9220,0,23871629,pareto,300.000000,1.000000,1000,8204413,8205469,8225939,1000,1056
df3fcec1e9220,0,23871629,pareto,300.000000,1.000000,1000,8226344,8227399,8250026,1002,1055
df3fcec1e9220,0,23871629,pareto,300.000000,1.000000,1000,8250458,8251520,8271940,1005,1062
df3fcec1e9220,0,23871629,pareto,300.000000,1.000000,1000,8272524,8273579,8296229,1000,1055
df3fcec1e9220,0,23871629,pareto,300.000000,1.000000,1000,8296655,8297717,8318165,1005,1062
df3fcec1e9220,0,23871629,pareto,300.000000,1.000000,1000,8318579,8319626,8340007,1002,1047
df3fcec1e9220,0,23871629,pareto,300.000000,1.000000,1000,8340488,8341553,8364177,1011,1065
df3fcec1e9220,0,23871629,pareto,300.000000,1.000000,1000,8364620,8365676,8386091,1003,1056
df3fcec1e9220,0,23871629,pareto,300.000000,1.000000,1000,8386520,8387575,8410194,1005,1055
df3fcec1e9220,0,23871629,pareto,300.000000,1.000000,1000,8410735,8411789,8432250,1001,1054
df3fcec1e9220,0,23871629,pareto,300.000000,1.000000,1000,8432682,8433741,8456480,1003,1059
df3fcec1e9220,0,23871629,pareto,300.000000,1.000000,1000,8456963,8458018,8478427,1001,1055
df3fcec1e9220,0,23871629,pareto,300.000000,1.000000,1000,8478897,8479945,8500331,1001,1048
df3fcec1e9220,0,23871629,pareto,300.000000,1.000000,1000,8500794,8501842,8524456,1000,1048
df3fcec1e9220,0,23871629,pareto,300.000000,1.000000,1000,8524892,8525945,8546372,1002,1053
df3fcec1e9220,0,23871629,pareto,300.000000,1.000000,1000,8546791,8547856,8573017,1008,1065
df3fcec1e9220,0,23871629,pareto,300.000000,1.000000,1000,8573459,8574513,8594953,1001,1054
df3fcec1e9220,0,23871629,pareto,300.000000,1.000000,1000,8595455,8596513,8619186,1000,1058
df3fcec1e9220,0,23871629,pareto,300.000000,1.000000,1000,8619616,8620669,8641042,1004,1053
df3fcec1e9220,0,23871629,pareto,300.000000,1.000000,1000,8641454,8642502,8662853,1002,1048
df3fcec1e9220,0,23871629,pareto,300.000000,1.000000,1000,8665222,8666282,8689931,1003,1060
df3fcec1e9220,0,23871629,pareto,300.000000,1.000000,1000,8690367,8691433,8711809,1003,1066
df3fcec1e9220,0,23871629,pareto,300.000000,1.000000,1000,8712329,8713389,8735956,1001,1060
df3fcec1e9220,0,23871629,pareto,300.000000,1.000000,1000,8736440,8737496,8757938,1000,1056
df3fcec1e9220,0,23871629,pareto,300.000000,1.000000,1000,8758375,8759430,8782099,1000,1055
df3fcec1e9220,0,23871629,pareto,300.000000,1.000000,1000,8782537,8783593,8804027,1004,1056
df3fcec1e9220,0,23871629,pareto,300.000000,1.000000,1000,8804517,8805575,8825953,1001,1058
df3fcec1e9220,0,23871629,pareto,300.000000,1.000000,1000,8826416,8827481,8850051,1012,1065
df3fcec1e9220,0,23871629,pareto,300.000000,1.000000,1000,8850550,8851612,8872034,1012,1062
df3fcec1e9220,0,23871629,pareto,300.000000,1.000000,1000,8872456,8873511,8896052,1003,1055
df3fcec1e9220,0,23871629,pareto,300.000000,1.000000,1000,8896489,8897554,8917970,1005,1065
df3fcec1e9220,0,23871629,pareto,300.000000,1.000000,1000,8918415,8919469,8944489,1000,1054
df3fcec1e9220,0,23871629,pareto,300.000000,1.000000,1000,8944960,8946015,8966502,1003,1055
df3fcec1e9220,0,23871629,pareto,300.000000,1.000000,1000,8966949,8967997,8988380,1000,1048
df3fcec1e9220,0,23871629,pareto,300.000000,1.000000,1000,8988831,8989890,9012411,1005,1059
df3fcec1e9220,0,23871629,pareto,300.000000,1.000000,1000,9012845,9013907,9034307,1003,1062
df3fcec1e9220,0,23871629,pareto,300.000000,1.000000,1000,9034730,9035789,9058389,1001,1059
df3fcec1e9220,0,23871629,pareto,300.000000,1.000000,1000,9058845,9059911,9080339,1002,1066
df3fcec1e9220,0,23871629,pareto,300.000000,1.000000,1000,9080764,9081825,9104434,1006,1061
df3fcec1e9220,0,23871629,pareto,300.000000,1.000000,1000,9104876,9105932,9126336,1005,1056
df3fcec1e9220,0,23871629,pareto,300.000000,1.000000,1000,9126784,9127839,9150464,1000,1055
df3fcec1e9220,0,23871629,pareto,300.000000,1.000000,1000,9150907,9153815,9174907,1012,2908
df3fcec1e9220,0,23871629,pareto,300.000000,1.000000,1000,9175416,9176480,9196887,1003,1064
df3fcec1e9220,0,23871629,pareto,300.000000,1.000000,1000,9197395,9198443,9221279,1000,1048
df3fcec1e9220,0,23871629,pareto,300.000000,1.000000,1000,9221708,9222774,9243201,1002,1066
df3fcec1e9220,0,23871629,pareto,300.000000,1.000000,1000,9243702,9244761,9267371,1000,1059
df3fcec1e9220,0,23871629,pareto,300.000000,1.000000,1000,9267819,9268879,9289308,1005,1060
df3fcec1e9220,0,23871629,pareto,300.000000,1.000000,1000,9289716,9290771,9313410,1002,1055
df3fcec1e9220,0,23871629,pareto,300.000000,1.000000,1000,9313900,9314959,9335394,1000,1059
df3fcec1e9220,0,23871629,pareto,300.000000,1.000000,1000,9335816,9336878,9357266,1005,1062
df3fcec1e9220,0,23871629,pareto,300.000000,1.000000,1000,9357719,9358773,9381409,1000,1054
df3fcec1e9220,0,23871629,pareto,300.000000,1.000000,1000,9381900,9382956,9403385,1001,1056
df3fcec1e9220,0,23871629,pareto,300.000000,1.000000,1000,9403819,9404874,9428340,1001,1055
df3fcec1e9220,0,23871629,pareto,300.000000,1.000000,1000,9428900,9429955,9450383,1000,1055
df3fcec1e9220,0,23871629,pareto,300.000000,1.000000,1000,9450799,9451861,9474475,1006,1062
df3fcec1e9220,0,23871629,pareto,300.000000,1.000000,1000,9474901,9475961,9496364,1006,1060
df3fcec1e9220,0,23871629,pareto,300.000000,1.000000,1000,9496782,9497838,9518221,1002,1056
df3fcec1e9220,0,23871629,pareto,300.000000,1.000000,1000,9518762,9519822,9542470,1000,1060
df3fcec1e9220,0,23871629,pareto,300.000000,1.000000,1000,9543020,9544075,9564523,1000,1055
df3fcec1e9220,0,23871629,pareto,300.000000,1.000000,1000,9564942,9565997,9588560,1005,1055
df3fcec1e9220,0,23871629,pareto,300.000000,1.000000,1000,9588999,9590078,9610483,1021,1079
df3fcec1e9220,0,23871629,pareto,300.000000,1.000000,1000,9610901,9611963,9634546,1008,1062
df3fcec1e9220,0,23871629,pareto,300.000000,1.000000,1000,9634968,9636023,9656421,1002,1055
df3fcec1e9220,0,23871629,pareto,300.000000,1.000000,1000,9656840,9657894,9678281,1002,1054
df3fcec1e9220,0,23871629,pareto,300.000000,1.000000,1000,9678701,9679756,9702487,1003,1055
df3fcec1e9220,0,23871629,pareto,300.000000,1.000000,1000,9702908,9703968,9724363,1009,1060
df3fcec1e9220,0,23871629,pareto,300.000000,1.000000,1000,9724777,9725832,9748502,1002,1055
df3fcec1e9220,0,23871629,pareto,300.000000,1.000000,1000,9748933,9749998,9770417,1006,1065
df3fcec1e9220,0,23871629,pareto,300.000000,1.000000,1000,9770834,9771889,9794549,1001,1055
df3fcec1e9220,0,23871629,pareto,300.000000,1.000000,1000,9795073,9796128,9816528,1000,1055
df3fcec1e9220,0,23871629,pareto,300.000000,1.000000,1000,9817022,9818070,9838466,1000,1048
df3fcec1e9220,0,23871629,pareto,300.000000,1.000000,1000,9838930,9839995,9862590,1008,1065
df3fcec1e9220,0,23871629,pareto,300.000000,1.000000,1000,9863047,9864102,9884513,1000,1055
df3fcec1e9220,0,23871629,pareto,300.000000,1.000000,1000,9884927,9885985,9908616,1006,1058
df3fcec1e9220,0,23871629,pareto,300.000000,1.000000,1000,9909143,9910198,9930635,1000,1055
df3fcec1e9220,0,23871629,pareto,300.000000,1.000000,1000,9931136,9932190,9954775,1001,1054
df3fcec1e9220,0,23871629,pareto,300.000000,1.000000,1000,9955205,9956265,9976694,1009,1060
df3fcec1e9220,0,23871629,pareto,300.000000,1.000000,1000,9977110,9978163,9998543,1001,1053
df3fcec1e9220,0,23871629,pareto,300.000000,1.000000,1000,9998975,10000029,10022629,1000,1054
df3fcec1e9220,0,23871629,pareto,300.000000,1.000000,1000,10023056,10024110,10044522,1002,1054
df3fcec1e9220,0,23871629,pareto,300.000000,1.000000,1000,10044949,10046004,10068650,1001,1055
df3fcec1e9220,0,23871629,pareto,300.000000,1.000000,1000,10069080,10070133,10090534,1001,1053
df3fcec1e9220,0,23871629,pareto,300.000000,1.000000,1000,10091039,10092093,10114729,1000,1054
df3fcec1e9220,0,23871629,pareto,300.000000,1.000000,1000,10115193,10116249,10136665,1000,1056
df3fcec1e9220,0,23871629,pareto,300.000000,1.000000,1000,10137093,10138158,10161215,1009,1065
df3fcec1e9220,0,23871629,pareto,300.000000,1.000000,1000,10161726,10162787,10189236,1001,1061
df3fcec1e9220,0,23871629,pareto,300.000000,1.000000,1000,10189755,10190810,10211284,1000,1055
df3fcec1e9220,0,23871629,pareto,300.000000,1.000000,1000,10211713,10212774,10235418,1008,1061
df3fcec1e9220,0,23871629,pareto,300.000000,1.000000,1000,10235873,10236928,10257372,1000,1055
df3fcec1e9220,0,23871629,pareto,300.000000,1.000000,1000,10257851,10258906,10281521,1004,1055
df3fcec1e9220,0,23871629,pareto,300.000000,1.000000,1000,10282059,10283114,10303576,1001,1055
df3fcec1e9220,0,23871629,pareto,300.000000,1.000000,1000,10304001,10305056,10325466,1003,1055
df3fcec1e9220,0,23871629,pareto,300.000000,1.000000,1000,10325968,10327015,10349681,1000,1047
df3fcec1e9220,0,23871629,pareto,300.000000,1.000000,1000,10350168,10351222,10371658,1001,1054
df3fcec1e9220,0,23871629,pareto,300.000000,1.000000,1000,10372069,10373124,10395757,1004,1055
df3fcec1e9220,0,23871629,pareto,300.000000,1.000000,1000,10396221,10397275,10417674,1000,1054
df3fcec1e9220,0,23871629,pareto,300.000000,1.000000,1000,10418137,10419185,10441848,1000,1048
df3fcec1e9220,0,23871629,pareto,300.000000,1.000000,1000,10442270,10443324,10463736,1002,1054
df3fcec1e9220,0,23871629,pareto,300.000000,1.000000,1000,10464135,10465196,10485594,1005,1061
df3fcec1e9220,0,23871629,pareto,300.000000,1.000000,1000,10486186,10487240,10509852,1000,1054
df3fcec1e9220,0,23871629,pareto,300.000000,1.000000,1000,10510331,10511384,10531811,1002,1053
df3fcec1e9220,0,23871629,pareto,300.000000,1.000000,1000,10532330,10533378,10555982,1000,1048
df3fcec1e9220,0,23871629,pareto,300.000000,1.000000,1000,10556502,10557555,10578003,1000,1053
df3fcec1e9220,0,23871629,pareto,300.000000,1.000000,1000,10578421,10579469,10602126,1001,1048
df3fcec1e9220,0,23871629,pareto,300.000000,1.000000,1000,10602621,10603679,10624091,1001,1058
df3fcec1e9220,0,23871629,pareto,300.000000,1.000000,1000,10624502,10625556,10645924,1006,1054
df3fcec1e9220,0,23871629,pareto,300.000000,1.000000,1000,10646329,10647387,10669995,1004,1058
df3fcec1e9220,0,23871629,pareto,300.000000,1.000000,1000,10670521,10671568,10691995,1000,1047
df3fcec1e9220,0,23871629,pareto,300.000000,1.000000,1000,10692425,10693479,10718542,1002,1054
df3fcec1e9220,0,23871629,pareto,300.000000,1.000000,1000,10719067,10720120,10740574,1000,1053
df3fcec1e9220,0,23871629,pareto,300.000000,1.000000,1000,10740991,10742038,10764711,1001,1047
df3fcec1e9220,0,23871629,pareto,300.000000,1.000000,1000,10765144,10766210,10786634,1004,1066
df3fcec1e9220,0,23871629,pareto,300.000000,1.000000,1000,10787064,10788112,10808502,1003,1048
df3fcec1e9220,0,23871629,pareto,300.000000,1.000000,1000,10808939,10809987,10832600,1003,1048
df3fcec1e9220,0,23871629,pareto,300.000000,1.000000,1000,10833035,10834100,10854533,1003,1065
df3fcec1e9220,0,23871629,pareto,300.000000,1.000000,1000,10854954,10856002,10878626,1001,1048
df3fcec1e9220,0,23871629,pareto,300.000000,1.000000,1000,10879079,10880140,10900548,1005,1061
df3fcec1e9220,0,23871629,pareto,300.000000,1.000000,1000,10901008,10902056,10925457,1000,1048
df3fcec1e9220,0,23871629,pareto,300.000000,1.000000,1000,10925928,10926984,10947419,1003,1056
df3fcec1e9220,0,23871629,pareto,300.000000,1.000000,1000,10947867,10948922,10969309,1005,1055
df3fcec1e9220,0,23871629,pareto,300.000000,1.000000,1000,10969763,10970811,10993435,1000,1048
df3fcec1e9220,0,23871629,pareto,300.000000,1.000000,1000,10993921,10994976,11015413,1002,1055
df3fcec1e9220,0,23871629,pareto,300.000000,1.000000,1000,11017821,11018879,11041660,1002,1058
df3fcec1e9220,0,23871629,pareto,300.000000,1.000000,1000,11042085,11043140,11063563,1004,1055
df3fcec1e9220,0,23871629,pareto,300.000000,1.000000,1000,11063987,11065048,11087689,1003,1061
df3fcec1e9220,0,23871629,pareto,300.000000,1.000000,1000,11088117,11089177,11109590,1001,1060
df3fcec1e9220,0,23871629,pareto,300.000000,1.000000,1000,11110001,11111055,11131459,1002,1054
df3fcec1e9220,0,23871629,pareto,300.000000,1.000000,1000,11131872,11132927,11162605,1005,1055
df3fcec1e9220,0,23871629,pareto,300.000000,1.000000,1000,11163286,11164342,11185331,1001,1056
df3fcec1e9220,0,23871629,pareto,300.000000,1.000000,1000,11185845,11186900,11210082,1000,1055
df3fcec1e9220,0,23871629,pareto,300.000000,1.000000,1000,11210553,11211608,11232075,1004,1055
df3fcec1e9220,0,23871629,pareto,300.000000,1.000000,1000,11232573,11233627,11256324,1004,1054
df3fcec1e9220,0,23871629,pareto,300.000000,1.000000,1000,11256917,11257973,11278420,1000,1056
df3fcec1e9220,0,23871629,pareto,300.000000,1.000000,1000,11278872,11279927,11300344,1000,1055
df3fcec1e9220,0,23871629,pareto,300.000000,1.000000,1000,11300783,11301841,11324441,1003,1058
df3fcec1e9220,0,23871629,pareto,300.000000,1.000000,1000,11324940,11325995,11346387,1002,1055
df3fcec1e9220,0,23871629,pareto,300.000000,1.000000,1000,11346869,11347923,11370468,1001,1054
df3fcec1e9220,0,23871629,pareto,300.000000,1.000000,1000,11370903,11371958,11392399,1003,1055
df3fcec1e9220,0,23871629,pareto,300.000000,1.000000,1000,11392826,11393880,11416636,1008,1054
df3fcec1e9220,0,23871629,pareto,300.000000,1.000000,1000,11417112,11418166,11438554,1000,1054
df3fcec1e9220,0,23871629,pareto,300.000000,1.000000,1000,11438974,11440022,11460390,1003,1048
df3fcec1e9220,0,23871629,pareto,300.000000,1.000000,1000,11460805,11461860,11484494,1003,1055
df3fcec1e9220,0,23871629,pareto,300.000000,1.000000,1000,11484976,11486034,11506456,1000,1058
df3fcec1e9220,0,23871629,pareto,300.000000,1.000000,1000,11506872,11507926,11530528,1002,1054
df3fcec1e9220,0,23871629,pareto,300.000000,1.000000,1000,11530992,11532050,11552572,1000,1058
df3fcec1e9220,0,23871629,pareto,300.000000,1.000000,1000,11553069,11554123,11576828,1000,1054
df3fcec1e9220,0,23871629,pareto,300.000000,1.000000,1000,11577320,11578374,11598793,1000,1054
df3fcec1e9220,0,23871629,pareto,300.000000,1.000000,1000,11599218,11600272,11620641,1003,1054
df3fcec1e9220,0,23871629,pareto,300.000000,1.000000,1000,11621123,11622177,11645697,1008,1054
df3fcec1e9220,0,23871629,pareto,300.000000,1.000000,1000,11646182,11647238,11667634,1003,1056
df3fcec1e9220,0,23871629,pareto,300.000000,1.000000,1000,11668045,11669106,11691675,1005,1061
df3fcec1e9220,0,23871629,pareto,300.000000,1.000000,1000,11692148,11693208,11713586,1000,1060
df3fcec1e9220,0,23871629,pareto,300.000000,1.000000,1000,11714092,11715147,11737790,1001,1055
df3fcec1e9220,0,23871629,pareto,300.000000,1.000000,1000,11738310,11739367,11759789,1000,1057
df3fcec1e9220,0,23871629,pareto,300.000000,1.000000,1000,11760214,11761274,11781673,1004,1060
df3fcec1e9220,0,23871629,pareto,300.000000,1.000000,1000,11782133,11783188,11807624,1000,1055
df3fcec1e9220,0,23871629,pareto,300.000000,1.000000,1000,11808060,11809114,11829481,1003,1054
df3fcec1e9220,0,23871629,pareto,300.000000,1.000000,1000,11830001,11831049,11853601,1000,1048
df3fcec1e9220,0,23871629,pareto,300.000000,1.000000,1000,11854064,11855111,11875520,1000,1047
df3fcec1e9220,0,23871629,pareto,300.000000,1.000000,1000,11875929,11876984,11899604,1009,1055
df3fcec1e9220,0,23871629,pareto,300.000000,1.000000,1000,11900046,11901101,11921531,1003,1055
df3fcec1e9220,0,23871629,pareto,300.000000,1.000000,1000,11921948,11923002,11943356,1002,1054
df3fcec1e9220,0,23871629,pareto,300.000000,1.000000,1000,11943800,11944855,11967447,1003,1055
df3fcec1e9220,0,23871629,pareto,300.000000,1.000000,1000,11967878,11968934,11989337,1004,1056
df3fcec1e9220,0,23871629,pareto,300.000000,1.000000,1000,11989813,11990861,12013548,1000,1048
df3fcec1e9220,0,23871629,pareto,300.000000,1.000000,1000,12013991,12015047,12035484,1001,1056
df3fcec1e9220,0,23871629,pareto,300.000000,1.000000,1000,12035956,12037010,12059640,1001,1054
df3fcec1e9220,0,23871629,pareto,300.000000,1.000000,1000,12060170,12061230,12081641,1000,1060
df3fcec1e9220,0,23871629,pareto,300.000000,1.000000,1000,12082087,12083143,12105724,1000,1056
df3fcec1e9220,0,23871629,pareto,300.000000,1.000000,1000,12106177,12107233,12127655,1000,1056
df3fcec1e9220,0,23871629,pareto,300.000000,1.000000,1000,12128062,12129121,12149503,1007,1059
df3fcec1e9220,0,23871629,pareto,300.000000,1.000000,1000,12149947,12151001,12176969,1000,1054
df3fcec1e9220,0,23871629,pareto,300.000000,1.000000,1000,12177485,12178548,12198955,1003,1063
df3fcec1e9220,0,23871629,pareto,300.000000,1.000000,1000,12199405,12200459,12223089,1000,1054
df3fcec1e9220,0,23871629,pareto,300.000000,1.000000,1000,12223527,12224583,12244998,1002,1056
df3fcec1e9220,0,23871629,pareto,300.000000,1.000000,1000,12245417,12246474,12269102,1003,1057
df3fcec1e9220,0,23871629,pareto,300.000000,1.000000,1000,12269555,12270622,12291009,1006,1067
df3fcec1e9220,0,23871629,pareto,300.000000,1.000000,1000,12291417,12292471,12312873,1004,1054
df3fcec1e9220,0,23871629,pareto,300.000000,1.000000,1000,12313281,12314335,12336966,1002,1054
df3fcec1e9220,0,23871629,pareto,300.000000,1.000000,1000,12337411,12338474,12358883,1005,1063
df3fcec1e9220,0,23871629,pareto,300.000000,1.000000,1000,12359316,12360370,12383843,1000,1054
df3fcec1e9220,0,23871629,pareto,300.000000,1.000000,1000,12384341,12385401,12405810,1000,1060
df3fcec1e9220,0,23871629,pareto,300.000000,1.000000,1000,12406259,12407314,12430006,1000,1055
df3fcec1e9220,0,23871629,pareto,300.000000,1.000000,1000,12430450,12431516,12451890,1006,1066
df3fcec1e9220,0,23871629,pareto,300.000000,1.000000,1000,12452304,12453352,12473731,1002,1048
df3fcec1e9220,0,23871629,pareto,300.000000,1.000000,1000,12474144,12475192,12500332,1003,1048
df3fcec1e9220,0,23871629,pareto,300.000000,1.000000,1000,12500803,12501859,12522347,1005,1056
df3fcec1e9220,0,23871629,pareto,300.000000,1.000000,1000,12522770,12523832,12546477,1007,1062
df3fcec1e9220,0,23871629,pareto,300.000000,1.000000,1000,12546943,12547998,12568433,1003,1055
df3fcec1e9220,0,23871629,pareto,300.000000,1.000000,1000,12568857,12569924,12592563,1003,1067
df3fcec1e9220,0,23871629,pareto,300.000000,1.000000,1000,12592999,12594061,12614500,1006,1062
df3fcec1e9220,0,23871629,pareto,300.000000,1.000000,1000,12614928,12615982,12636349,1006,1054
df3fcec1e9220,0,23871629,pareto,300.000000,1.000000,1000,12636777,12637832,12660441,1001,1055
df3fcec1e9220,0,23871629,pareto,300.000000,1.000000,1000,12660891,12661952,12682358,1008,1061
df3fcec1e9220,0,23871629,pareto,300.000000,1.000000,1000,12682779,12683826,12706436,1003,1047
df3fcec1e9220,0,23871629,pareto,300.000000,1.000000,1000,12706882,12707947,12728337,1006,1065
df3fcec1e9220,0,23871629,pareto,300.000000,1.000000,1000,12728748,12729803,12752444,1002,1055
df3fcec1e9220,0,23871629,pareto,300.000000,1.000000,1000,12752937,12753996,12774373,1000,1059
df3fcec1e9220,0,23871629,pareto,300.000000,1.000000,1000,12774777,12775835,12796217,1002,1058
df3fcec1e9220,0,23871629,pareto,300.000000,1.000000,1000,12796685,12797733,12820308,1001,1048
df3fcec1e9220,0,23871629,pareto,300.000000,1.000000,1000,12820745,12821799,12842223,1001,1054
df3fcec1e9220,0,23871629,pareto,300.000000,1.000000,1000,12842674,12843721,12866373,1000,1047
df3fcec1e9220,0,23871629,pareto,300.000000,1.000000,1000,12866806,12867872,12888245,1006,1066
df3fcec1e9220,0,23871629,pareto,300.000000,1.000000,1000,12888691,12889739,12912337,1000,1048
df3fcec1e9220,0,23871629,pareto,300.000000,1.000000,1000,12912759,12913820,12934231,1004,1061
df3fcec1e9220,0,23871629,pareto,300.000000,1.000000,1000,12934637,12935702,12956076,1008,1065
df3fcec1e9220,0,23871629,pareto,300.000000,1.000000,1000,12956480,12957538,12980156,1001,1058
df3fcec1e9220,0,23871629,pareto,300.000000,1.000000,1000,12980690,12981748,13002185,1000,1058
df3fcec1e9220,0,23871629,pareto,300.000000,1.000000,1000,13002611,13003666,13026271,1003,1055
df3fcec1e9220,0,23871629,pareto,300.000000,1.000000,1000,13026704,13027769,13048201,1003,1065
df3fcec1e9220,0,23871629,pareto,300.000000,1.000000,1000,13048702,13049757,13072388,1000,1055
df3fcec1e9220,0,23871629,pareto,300.000000,1.000000,1000,13072828,13073883,13094289,1002,1055
df3fcec1e9220,0,23871629,pareto,300.000000,1.000000,1000,13094702,13095750,13116114,1004,1048
df3fcec1e9220,0,23871629,pareto,300.000000,1.000000,1000,13116512,13117567,13141024,1004,1055
df3fcec1e9220,0,23871629,pareto,300.000000,1.000000,1000,13141514,13142573,13165963,1001,1059
df3fcec1e9220,0,23871629,pareto,300.000000,1.000000,1000,13166482,13167539,13190635,1006,1057
df3fcec1e9220,0,23871629,pareto,300.000000,1.000000,1000,13191087,13192149,13212595,1003,1062
df3fcec1e9220,0,23871629,pareto,300.000000,1.000000,1000,13213043,13214091,13236831,1000,1048
df3fcec1e9220,0,23871629,pareto,300.000000,1.000000,1000,13237275,13238330,13258787,1004,1055
df3fcec1e9220,0,23871629,pareto,300.000000,1.000000,1000,13259237,13260291,13280703,1000,1054
df3fcec1e9220,0,23871629,pareto,300.000000,1.000000,1000,13281139,13282187,13304899,1002,1048
df3fcec1e9220,0,23871629,pareto,300.000000,1.000000,1000,13305377,13306432,13326915,1000,1055
df3fcec1e9220,0,23871629,pareto,300.000000,1.000000,1000,13327334,13328389,13351062,1006,1055
df3fcec1e9220,0,23871629,pareto,300.000000,1.000000,1000,13351602,13352651,13373085,1000,1049
df3fcec1e9220,0,23871629,pareto,300.000000,1.000000,1000,13375513,13376584,13401766,1018,1071
df3fcec1e9220,0,23871629,pareto,300.000000,1.000000,1000,13402209,13403263,13423658,1003,1054
df3fcec1e9220,0,23871629,pareto,300.000000,1.000000,1000,13424116,13425164,13445569,1000,1048
df3fcec1e9220,0,23871629,pareto,300.000000,1.000000,1000,13446038,13447093,13469758,1003,1055
df3fcec1e9220,0,23871629,pareto,300.000000,1.000000,1000,13470199,13471261,13491684,1002,1062
df3fcec1e9220,0,23871629,pareto,300.000000,1.000000,1000,13492139,13493198,13515770,1000,1059
df3fcec1e9220,0,23871629,pareto,300.000000,1.000000,1000,13516210,13517273,13537695,1003,1063
df3fcec1e9220,0,23871629,pareto,300.000000,1.000000,1000,13538169,13539224,13561837,1004,1055
df3fcec1e9220,0,23871629,pareto,300.000000,1.000000,1000,13562266,13563333,13583735,1004,1067
df3fcec1e9220,0,23871629,pareto,300.000000,1.000000,1000,13584196,13585262,13605624,1005,1066
df3fcec1e9220,0,23871629,pareto,300.000000,1.000000,1000,13606052,13607107,13629672,1001,1055
df3fcec1e9220,0,23871629,pareto,300.000000,1.000000,1000,13630114,13631168,13651589,1002,1054
df3fcec1e9220,0,23871629,pareto,300.000000,1.000000,1000,13652013,13653067,13675834,1003,1054
df3fcec1e9220,0,23871629,pareto,300.000000,1.000000,1000,13676300,13677360,13697779,1000,1060
df3fcec1e9220,0,23871629,pareto,300.000000,1.000000,1000,13698198,13699263,13721861,1003,1065
df3fcec1e9220,0,23871629,pareto,300.000000,1.000000,1000,13722313,13723379,13743800,1002,1066
df3fcec1e9220,0,23871629,pareto,300.000000,1.000000,1000,13744230,13745285,13765695,1009,1055
df3fcec1e9220,0,23871629,pareto,300.000000,1.000000,1000,13766111,13767165,13789743,1002,1054
df3fcec1e9220,0,23871629,pareto,300.000000,1.000000,1000,13790223,13791279,13811705,1000,1056
df3fcec1e9220,0,23871629,pareto,300.000000,1.000000,1000,13812153,13813208,13836696,1000,1055
df3fcec1e9220,0,23871629,pareto,300.000000,1.000000,1000,13837140,13838203,13858636,1005,1063
df3fcec1e9220,0,23871629,pareto,300.000000,1.000000,1000,13859052,13860106,13882751,1003,1054
df3fcec1e9220,0,23871629,pareto,300.000000,1.000000,1000,13883188,13884251,13904653,1007,1063
df3fcec1e9220,0,23871629,pareto,300.000000,1.000000,1000,13905067,13906121,13926501,1001,1054
df3fcec1e9220,0,23871629,pareto,300.000000,1.000000,1000,13926927,13927988,13950543,1007,1061
df3fcec1e9220,0,23871629,pareto,300.000000,1.000000,1000,13951011,13952067,13972461,1000,1056
df3fcec1e9220,0,23871629,pareto,300.000000,1.000000,1000,13972862,13973916,13996442,1002,1054
df3fcec1e9220,0,23871629,pareto,300.000000,1.000000,1000,13996880,13997934,14018282,1001,1054
df3fcec1e9220,0,23871629,pareto,300.000000,1.000000,1000,14018693,14019741,14042300,1002,1048
df3fcec1e9220,0,23871629,pareto,300.000000,1.000000,1000,14042736,14043794,14064173,1001,1058
df3fcec1e9220,0,23871629,pareto,300.000000,1.000000,1000,14064646,14065694,14086036,1003,1048
df3fcec1e9220,0,23871629,pareto,300.000000,1.000000,1000,14086457,14087512,14110080,1006,1055
df3fcec1e9220,0,23871629,pareto,300.000000,1.000000,1000,14110558,14111612,14132029,1000,1054
df3fcec1e9220,0,23871629,pareto,300.000000,1.000000,1000,14132428,14133482,14158413,1006,1054
df3fcec1e9220,0,23871629,pareto,300.000000,1.000000,1000,14158916,14159975,14180628,1002,1059
df3fcec1e9220,0,23871629,pareto,300.000000,1.000000,1000,14181056,14182121,14205022,1007,1065
df3fcec1e9220,0,23871629,pareto,300.000000,1.000000,1000,14205446,14206511,14226943,1006,1065
df3fcec1e9220,0,23871629,pareto,300.000000,1.000000,1000,14227359,14228413,14248811,1007,1054
df3fcec1e9220,0,23871629,pareto,300.000000,1.000000,1000,14249216,14250270,14275283,1002,1054
df3fcec1e9220,0,23871629,pareto,300.000000,1.000000,1000,14275751,14276805,14297260,1006,1054
df3fcec1e9220,0,23871629,pareto,300.000000,1.000000,1000,14297685,14298746,14321352,1012,1061
df3fcec1e9220,0,23871629,pareto,300.000000,1.000000,1000,14321796,14322851,14343275,1004,1055
df3fcec1e9220,0,23871629,pareto,300.000000,1.000000,1000,14343687,14344745,14367505,1001,1058
df3fcec1e9220,0,23871629,pareto,300.000000,1.000000,1000,14367955,14369013,14389435,1001,1058
df3fcec1e9220,0,23871629,pareto,300.000000,1.000000,1000,14389921,14390983,14411346,1013,1062
df3fcec1e9220,0,23871629,pareto,300.000000,1.000000,1000,14411808,14412856,14435446,1000,1048
df3fcec1e9220,0,23871629,pareto,300.000000,1.000000,1000,14435983,14437037,14457459,1000,1054
df3fcec1e9220,0,23871629,pareto,300.000000,1.000000,1000,14457914,14458969,14481526,1000,1055
df3fcec1e9220,0,23871629,pareto,300.000000,1.000000,1000,14481962,14483017,14503506,1001,1055
df3fcec1e9220,0,23871629,pareto,300.000000,1.000000,1000,14503923,14504970,14527600,1001,1047
df3fcec1e9220,0,23871629,pareto,300.000000,1.000000,1000,14528025,14529089,14549508,1008,1064
df3fcec1e9220,0,23871629,pareto,300.000000,1.000000,1000,14549912,14550966,14571338,1004,1054
df3fcec1e9220,0,23871629,pareto,300.000000,1.000000,1000,14571747,14572801,14596239,1004,1054
df3fcec1e9220,0,23871629,pareto,300.000000,1.000000,1000,14596688,14597754,14618166,1007,1066
df3fcec1e9220,0,23871629,pareto,300.000000,1.000000,1000,14618687,14619745,14642381,1000,1058
df3fcec1e9220,0,23871629,pareto,300.000000,1.000000,1000,14642826,14643893,14664338,1003,1067
df3fcec1e9220,0,23871629,pareto,300.000000,1.000000,1000,14664752,14665807,14688444,1003,1055
df3fcec1e9220,0,23871629,pareto,300.000000,1.000000,1000,14688884,14689944,14710378,1005,1060
df3fcec1e9220,0,23871629,pareto,300.000000,1.000000,1000,14710799,14711854,14732233,1001,1055
df3fcec1e9220,0,23871629,pareto,300.000000,1.000000,1000,14732682,14733740,14756307,1000,1058
df3fcec1e9220,0,23871629,pareto,300.000000,1.000000,1000,14756782,14757831,14778262,1000,1049
df3fcec1e9220,0,23871629,pareto,300.000000,1.000000,1000,14778722,14779777,14802334,1000,1055
df3fcec1e9220,0,23871629,pareto,300.000000,1.000000,1000,14802771,14803832,14824287,1014,1061
df3fcec1e9220,0,23871629,pareto,300.000000,1.000000,1000,14824730,14825778,14848456,1000,1048
df3fcec1e9220,0,23871629,pareto,300.000000,1.000000,1000,14848894,14849948,14870366,1003,1054
df3fcec1e9220,0,23871629,pareto,300.000000,1.000000,1000,14870776,14871831,14892222,1002,1055
df3fcec1e9220,0,23871629,pareto,300.000000,1.000000,1000,14892747,14893801,14916390,1000,1054
df3fcec1e9220,0,23871629,pareto,300.000000,1.000000,1000,14916869,14917923,14938365,1000,1054
df3fcec1e9220,0,23871629,pareto,300.000000,1.000000,1000,14938805,14939864,14962432,1000,1059
df3fcec1e9220,0,23871629,pareto,300.000000,1.000000,1000,14962869,14963924,14984359,1003,1055
df3fcec1e9220,0,23871629,pareto,300.000000,1.000000,1000,14984774,14985822,15008430,1003,1048
df3fcec1e9220,0,23871629,pareto,300.000000,1.000000,1000,15008928,15009982,15030418,1001,1054
df3fcec1e9220,0,23871629,pareto,300.000000,1.000000,1000,15030869,15031928,15056368,1000,1059
df3fcec1e9220,0,23871629,pareto,300.000000,1.000000,1000,15056845,15057893,15078320,1000,1048
df3fcec1e9220,0,23871629,pareto,300.000000,1.000000,1000,15078735,15079783,15100166,1003,1048
df3fcec1e9220,0,23871629,pareto,300.000000,1.000000,1000,15100588,15101646,15124293,1002,1058
df3fcec1e9220,0,23871629,pareto,300.000000,1.000000,1000,15124725,15125778,15146207,1003,1053
df3fcec1e9220,0,23871629,pareto,300.000000,1.000000,1000,15146627,15147682,15173242,1002,1055
df3fcec1e9220,0,23871629,pareto,300.000000,1.000000,1000,15173837,15174894,15195518,1000,1057
df3fcec1e9220,0,23871629,pareto,300.000000,1.000000,1000,15195985,15197033,15219885,1000,1048
df3fcec1e9220,0,23871629,pareto,300.000000,1.000000,1000,15220493,15221553,15241971,1000,1060
df3fcec1e9220,0,23871629,pareto,300.000000,1.000000,1000,15242392,15243451,15263821,1005,1059
df3fcec1e9220,0,23871629,pareto,300.000000,1.000000,1000,15264220,15265275,15287923,1003,1055
df3fcec1e9220,0,23871629,pareto,300.000000,1.000000,1000,15288398,15289461,15309913,1001,1063
df3fcec1e9220,0,23871629,pareto,300.000000,1.000000,1000,15310339,15311397,15334907,1005,1058
df3fcec1e9220,0,23871629,pareto,300.000000,1.000000,1000,15335353,15336420,15356851,1011,1067
df3fcec1e9220,0,23871629,pareto,300.000000,1.000000,1000,15357258,15358317,15380945,1004,1059
df3fcec1e9220,0,23871629,pareto,300.000000,1.000000,1000,15381430,15382486,15402907,1000,1056
df3fcec1e9220,0,23871629,pareto,300.000000,1.000000,1000,15403334,15404399,15424838,1003,1065
df3fcec1e9220,0,23871629,pareto,300.000000,1.000000,1000,15425251,15426305,15448896,1004,1054
df3fcec1e9220,0,23871629,pareto,300.000000,1.000000,1000,15449332,15450386,15470826,1005,1054
df3fcec1e9220,0,23871629,pareto,300.000000,1.000000,1000,15471276,15472331,15494968,1000,1055
df3fcec1e9220,0,23871629,pareto,300.000000,1.000000,1000,15495414,15496476,15516926,1007,1062
df3fcec1e9220,0,23871629,pareto,300.000000,1.000000,1000,15517374,15518422,15541053,1000,1048
df3fcec1e9220,0,23871629,pareto,300.000000,1.000000,1000,15541496,15542558,15562990,1009,1062
df3fcec1e9220,0,23871629,pareto,300.000000,1.000000,1000,15563402,15564457,15584854,1001,1055
df3fcec1e9220,0,23871629,pareto,300.000000,1.000000,1000,15585301,15586349,15609020,1000,1048
df3fcec1e9220,0,23871629,pareto,300.000000,1.000000,1000,15609451,15610516,15630931,1004,1065
df3fcec1e9220,0,23871629,pareto,300.000000,1.000000,1000,15631382,15632436,15655069,1000,1054
df3fcec1e9220,0,23871629,pareto,300.000000,1.000000,1000,15655493,15656548,15676966,1001,1055
df3fcec1e9220,0,23871629,pareto,300.000000,1.000000,1000,15677376,15678434,15701064,1001,1058
df3fcec1e9220,0,23871629,pareto,300.000000,1.000000,1000,15701493,15702550,15722974,1007,1057
df3fcec1e9220,0,23871629,pareto,300.000000,1.000000,1000,15723423,15724482,15744886,1000,1059
df3fcec1e9220,0,23871629,pareto,300.000000,1.000000,1000,15745341,15746389,15768972,1000,1048
df3fcec1e9220,0,23871629,pareto,300.000000,1.000000,1000,15769394,15770448,15790888,1002,1054
df3fcec1e9220,0,23871629,pareto,300.000000,1.000000,1000,15791301,15792356,15815023,1003,1055
df3fcec1e9220,0,23871629,pareto,300.000000,1.000000,1000,15815445,15816492,15836930,1001,1047
df3fcec1e9220,0,23871629,pareto,300.000000,1.000000,1000,15837374,15838422,15861046,1000,1048
df3fcec1e9220,0,23871629,pareto,300.000000,1.000000,1000,15861494,15862555,15882929,1004,1061
df3fcec1e9220,0,23871629,pareto,300.000000,1.000000,1000,15883345,15884399,15904720,1001,1054
df3fcec1e9220,0,23871629,pareto,300.000000,1.000000,1000,15905193,15906248,15928923,1001,1055
df3fcec1e9220,0,23871629,pareto,300.000000,1.000000,1000,15929352,15930423,15950852,1012,1071
df3fcec1e9220,0,23871629,pareto,300.000000,1.000000,1000,15951264,15952323,15974954,1001,1059
df3fcec1e9220,0,23871629,pareto,300.000000,1.000000,1000,15975395,15976451,15996858,1004,1056
df3fcec1e9220,0,23871629,pareto,300.000000,1.000000,1000,15997270,15998318,16023471,1001,1048
df3fcec1e9220,0,23871629,pareto,300.000000,1.000000,1000,16023938,16024991,16045439,1001,1053
df3fcec1e9220,0,23871629,pareto,300.000000,1.000000,1000,16045849,16046907,16067337,1003,1058
df3fcec1e9220,0,23871629,pareto,300.000000,1.000000,1000,16067830,16068883,16092479,1000,1053
df3fcec1e9220,0,23871629,pareto,300.000000,1.000000,1000,16092942,16094000,16114442,1001,1058
df3fcec1e9220,0,23871629,pareto,300.000000,1.000000,1000,16114858,16115912,16138539,1002,1054
df3fcec1e9220,0,23871629,pareto,300.000000,1.000000,1000,16138999,16140058,16162864,1001,1059
df3fcec1e9220,0,23871629,pareto,300.000000,1.000000,1000,16163351,16164419,16187485,1003,1068
df3fcec1e9220,0,23871629,pareto,300.000000,1.000000,1000,16187935,16188997,16209456,1009,1062
df3fcec1e9220,0,23871629,pareto,300.000000,1.000000,1000,16209881,16210937,16231329,1001,1056
df3fcec1e9220,0,23871629,pareto,300.000000,1.000000,1000,16231737,16232791,16255394,1004,1054
df3fcec1e9220,0,23871629,pareto,300.000000,1.000000,1000,16255836,16256890,16277311,1003,1054
df3fcec1e9220,0,23871629,pareto,300.000000,1.000000,1000,16277713,16278771,16301373,1004,1058
df3fcec1e9220,0,23871629,pareto,300.000000,1.000000,1000,16301829,16302893,16323302,1003,1064
df3fcec1e9220,0,23871629,pareto,300.000000,1.000000,1000,16323701,16324760,16347437,1004,1059
df3fcec1e9220,0,23871629,pareto,300.000000,1.000000,1000,16347962,16349017,16369437,1000,1055
df3fcec1e9220,0,23871629,pareto,300.000000,1.000000,1000,16369848,16370903,16391299,1003,1055
df3fcec1e9220,0,23871629,pareto,300.000000,1.000000,1000,16391718,16392766,16415326,1001,1048
df3fcec1e9220,0,23871629,pareto,300.000000,1.000000,1000,16415754,16416809,16437199,1001,1055
df3fcec1e9220,0,23871629,pareto,300.000000,1.000000,1000,16437594,16438642,16461180,1001,1048
df3fcec1e9220,0,23871629,pareto,300.000000,1.000000,1000,16461618,16462672,16483098,1006,1054
df3fcec1e9220,0,23871629,pareto,300.000000,1.000000,1000,16483500,16484555,16507167,1004,1055
df3fcec1e9220,0,23871629,pareto,300.000000,1.000000,1000,16507662,16508717,16529141,1001,1055
df3fcec1e9220,0,23871629,pareto,300.000000,1.000000,1000,16529544,16530599,16550984,1003,1055
df3fcec1e9220,0,23871629,pareto,300.000000,1.000000,1000,16551390,16552455,16575109,1007,1065
df3fcec1e9220,0,23871629,pareto,300.000000,1.000000,1000,16575561,16576628,16597043,1005,1067
df3fcec1e9220,0,23871629,pareto,300.000000,1.000000,1000,16597457,16598505,16621105,1002,1048
df3fcec1e9220,0,23871629,pareto,300.000000,1.000000,1000,16621549,16622616,16642998,1002,1067
df3fcec1e9220,0,23871629,pareto,300.000000,1.000000,1000,16643413,16644461,16667086,1001,1048
df3fcec1e9220,0,23871629,pareto,300.000000,1.000000,1000,16667541,16668597,16689009,1001,1056
df3fcec1e9220,0,23871629,pareto,300.000000,1.000000,1000,16689427,16690481,16710856,1008,1054
df3fcec1e9220,0,23871629,pareto,300.000000,1.000000,1000,16711303,16712350,16737103,1000,1047
df3fcec1e9220,0,23871629,pareto,300.000000,1.000000,1000,16737584,16738638,16759089,1000,1054
df3fcec1e9220,0,23871629,pareto,300.000000,1.000000,1000,16759509,16760563,16783183,1005,1054
df3fcec1e9220,0,23871629,pareto,300.000000,1.000000,1000,16783630,16784686,16805101,1002,1056
df3fcec1e9220,0,23871629,pareto,300.000000,1.000000,1000,16805519,16806580,16830043,1016,1061
df3fcec1e9220,0,23871629,pareto,300.000000,1.000000,1000,16830502,16831561,16851978,1001,1059
df3fcec1e9220,0,23871629,pareto,300.000000,1.000000,1000,16852407,16853462,16873846,1001,1055
df3fcec1e9220,0,23871629,pareto,300.000000,1.000000,1000,16874297,16875351,16897987,1000,1054
df3fcec1e9220,0,23871629,pareto,300.000000,1.000000,1000,16898463,16899520,16919935,1000,1057
df3fcec1e9220,0,23871629,pareto,300.000000,1.000000,1000,16920363,16921417,16943983,1002,1054
df3fcec1e9220,0,23871629,pareto,300.000000,1.000000,1000,16944418,16945478,16965836,1011,1060
df3fcec1e9220,0,23871629,pareto,300.000000,1.000000,1000,16966335,16967394,16989986,1000,1059
df3fcec1e9220,0,23871629,pareto,300.000000,1.000000,1000,16990412,16991467,17011841,1002,1055
df3fcec1e9220,0,23871629,pareto,300.000000,1.000000,1000,17012320,17013375,17033714,1001,1055
df3fcec1e9220,0,23871629,pareto,300.000000,1.000000,1000,17034125,17035190,17057750,1010,1065
df3fcec1e9220,0,23871629,pareto,300.000000,1.000000,1000,17058188,17059255,17079622,1007,1067
df3fcec1e9220,0,23871629,pareto,300.000000,1.000000,1000,17080069,17081124,17103722,1000,1055
df3fcec1e9220,0,23871629,pareto,300.000000,1.000000,1000,17104164,17105226,17125644,1007,1062
df3fcec1e9220,0,23871629,pareto,300.000000,1.000000,1000,17126071,17127126,17149797,1001,1055
df3fcec1e9220,0,23871629,pareto,300.000000,1.000000,1000,17150238,17153666,17174905,1008,3428
df3fcec1e9220,0,23871629,pareto,300.000000,1.000000,1000,17175380,17176435,17196818,1004,1055
df3fcec1e9220,0,23871629,pareto,300.000000,1.000000,1000,17197255,17198327,17221165,1010,1072
df3fcec1e9220,0,23871629,pareto,300.000000,1.000000,1000,17221647,17222702,17243082,1000,1055
df3fcec1e9220,0,23871629,pareto,300.000000,1.000000,1000,17243548,17244602,17267224,1000,1054
df3fcec1e9220,0,23871629,pareto,300.000000,1.000000,1000,17267720,17268776,17289185,1001,1056
df3fcec1e9220,0,23871629,pareto,300.000000,1.000000,1000,17289633,17290693,17313478,1001,1060
df3fcec1e9220,0,23871629,pareto,300.000000,1.000000,1000,17313902,17314962,17335354,1002,1060
df3fcec1e9220,0,23871629,pareto,300.000000,1.000000,1000,17335761,17336822,17357185,1005,1061
df3fcec1e9220,0,23871629,pareto,300.000000,1.000000,1000,17357590,17358638,17381245,1001,1048
df3fcec1e9220,0,23871629,pareto,300.000000,1.000000,1000,17381683,17382738,17403170,1002,1055
df3fcec1e9220,0,23871629,pareto,300.000000,1.000000,1000,17403584,17404632,17427218,1001,1048
df3fcec1e9220,0,23871629,pareto,300.000000,1.000000,1000,17427644,17428699,17449150,1002,1055
df3fcec1e9220,0,23871629,pareto,300.000000,1.000000,1000,17449617,17450675,17473336,1001,1058
df3fcec1e9220,0,23871629,pareto,300.000000,1.000000,1000,17473765,17474830,17495241,1005,1065
df3fcec1e9220,0,23871629,pareto,300.000000,1.000000,1000,17495656,17496717,17517076,1008,1061
df3fcec1e9220,0,23871629,pareto,300.000000,1.000000,1000,17517521,17518567,17541220,1000,1046
df3fcec1e9220,0,23871629,pareto,300.000000,1.000000,1000,17541648,17542713,17563135,1008,1065
df3fcec1e9220,0,23871629,pareto,300.000000,1.000000,1000,17563536,17564597,17587998,1010,1061
df3fcec1e9220,0,23871629,pareto,300.000000,1.000000,1000,17588448,17589504,17610011,1002,1056
df3fcec1e9220,0,23871629,pareto,300.000000,1.000000,1000,17610442,17611500,17634159,1002,1058
df3fcec1e9220,0,23871629,pareto,300.000000,1.000000,1000,17634575,17635630,17656049,1001,1055
df3fcec1e9220,0,23871629,pareto,300.000000,1.000000,1000,17656459,17657518,17677876,1001,1059
df3fcec1e9220,0,23871629,pareto,300.000000,1.000000,1000,17678294,17679366,17701947,1019,1072
df3fcec1e9220,0,23871629,pareto,300.000000,1.000000,1000,17702370,17703433,17723862,1004,1063
df3fcec1e9220,0,23871629,pareto,300.000000,1.000000,1000,17724365,17725420,17748033,1000,1055
df3fcec1e9220,0,23871629,pareto,300.000000,1.000000,1000,17748461,17749526,17769957,1004,1065
df3fcec1e9220,0,23871629,pareto,300.000000,1.000000,1000,17770416,17771470,17796605,1000,1054
df3fcec1e9220,0,23871629,pareto,300.000000,1.000000,1000,17797072,17798127,17818617,1003,1055
df3fcec1e9220,0,23871629,pareto,300.000000,1.000000,1000,17819040,17820095,17840482,1001,1055
df3fcec1e9220,0,23871629,pareto,300.000000,1.000000,1000,17840907,17841962,17864524,1003,1055
df3fcec1e9220,0,23871629,pareto,300.000000,1.000000,1000,17864959,17866013,17886438,1005,1054
df3fcec1e9220,0,23871629,pareto,300.000000,1.000000,1000,17886897,17887943,17910574,1000,1046
df3fcec1e9220,0,23871629,pareto,300.000000,1.000000,1000,17910999,17912058,17932474,1002,1059
df3fcec1e9220,0,23871629,pareto,300.000000,1.000000,1000,17932925,17933978,17956590,1000,1053
df3fcec1e9220,0,23871629,pareto,300.000000,1.000000,1000,17957027,17958082,17978467,1004,1055
df3fcec1e9220,0,23871629,pareto,300.000000,1.000000,1000,17978889,17979946,18002438,1003,1057
df3fcec1e9220,0,23871629,pareto,300.000000,1.000000,1000,18002866,18003920,18024274,1003,1054
df3fcec1e9220,0,23871629,pareto,300.000000,1.000000,1000,18024753,18025807,18046193,1000,1054
df3fcec1e9220,0,23871629,pareto,300.000000,1.000000,1000,18046636,18047684,18070325,1000,1048
df3fcec1e9220,0,23871629,pareto,300.000000,1.000000,1000,18070757,18071812,18092211,1003,1055
df3fcec1e9220,0,23871629,pareto,300.000000,1.000000,1000,18092611,18093670,18116219,1005,1059
df3fcec1e9220,0,23871629,pareto,300.000000,1.000000,1000,18116660,18117715,18138135,1001,1055
df3fcec1e9220,0,23871629,pareto,300.000000,1.000000,1000,18138553,18139607,18164860,1001,1054
df3fcec1e9220,0,23871629,pareto,300.000000,1.000000,1000,18165385,18166442,18187134,1001,1057
df3fcec1e9220,0,23871629,pareto,300.000000,1.000000,1000,18187550,18188604,18208991,1006,1054
df3fcec1e9220,0,23871629,pareto,300.000000,1.000000,1000,18209412,18210461,18233345,1002,1049
df3fcec1e9220,0,23871629,pareto,300.000000,1.000000,1000,18233788,18234847,18255253,1003,1059
df3fcec1e9220,0,23871629,pareto,300.000000,1.000000,1000,18255707,18256762,18279346,1000,1055
df3fcec1e9220,0,23871629,pareto,300.000000,1.000000,1000,18279795,18280855,18301283,1008,1060
df3fcec1e9220,0,23871629,pareto,300.000000,1.000000,1000,18301707,18302765,18326284,1003,1058
df3fcec1e9220,0,23871629,pareto,300.000000,1.000000,1000,18326716,18327782,18348235,1002,1066
df3fcec1e9220,0,23871629,pareto,300.000000,1.000000,1000,18348677,18349731,18370115,1000,1054
df3fcec1e9220,0,23871629,pareto,300.000000,1.000000,1000,18370518,18371573,18396643,1007,1055
df3fcec1e9220,0,23871629,pareto,300.000000,1.000000,1000,18397078,18398133,18418595,1001,1055
df3fcec1e9220,0,23871629,pareto,300.000000,1.000000,1000,18419009,18420063,18442639,1002,1054
df3fcec1e9220,0,23871629,pareto,300.000000,1.000000,1000,18443120,18444181,18464626,1001,1061
df3fcec1e9220,0,23871629,pareto,300.000000,1.000000,1000,18465037,18466091,18488716,1001,1054
df3fcec1e9220,0,23871629,pareto,300.000000,1.000000,1000,18489239,18490287,18510716,1000,1048
df3fcec1e9220,0,23871629,pareto,300.000000,1.000000,1000,18511143,18512197,18532597,1007,1054
df3fcec1e9220,0,23871629,pareto,300.000000,1.000000,1000,18533010,18534064,18556627,1005,1054
df3fcec1e9220,0,23871629,pareto,300.000000,1.000000,1000,18557110,18558175,18578611,1004,1065
df3fcec1e9220,0,23871629,pareto,300.000000,1.000000,1000,18579072,18580126,18602744,1000,1054
df3fcec1e9220,0,23871629,pareto,300.000000,1.000000,1000,18603177,18604239,18624657,1003,1062
df3fcec1e9220,0,23871629,pareto,300.000000,1.000000,1000,18625105,18626153,18648762,1000,1048
df3fcec1e9220,0,23871629,pareto,300.000000,1.000000,1000,18649191,18650239,18670657,1001,1048
df3fcec1e9220,0,23871629,pareto,300.000000,1.000000,1000,18671129,18672184,18692603,1000,1055
df3fcec1e9220,0,23871629,pareto,300.000000,1.000000,1000,18693012,18694070,18716687,1001,1058
df3fcec1e9220,0,23871629,pareto,300.000000,1.000000,1000,18717127,18718186,18738608,1006,1059
df3fcec1e9220,0,23871629,pareto,300.000000,1.000000,1000,18739020,18740092,18762654,1014,1072
df3fcec1e9220,0,23871629,pareto,300.000000,1.000000,1000,18763125,18764180,18784642,1000,1055
df3fcec1e9220,0,23871629,pareto,300.000000,1.000000,1000,18785045,18786103,18808679,1006,1058
df3fcec1e9220,0,23871629,pareto,300.000000,1.000000,1000,18809122,18810183,18830582,1004,1061
df3fcec1e9220,0,23871629,pareto,300.000000,1.000000,1000,18830993,18832041,18852417,1001,1048
df3fcec1e9220,0,23871629,pareto,300.000000,1.000000,1000,18852829,18853876,18876469,1001,1047
df3fcec1e9220,0,23871629,pareto,300.000000,1.000000,1000,18876931,18877992,18898413,1000,1061
df3fcec1e9220,0,23871629,pareto,300.000000,1.000000,1000,18898830,18899889,18922485,1001,1059
df3fcec1e9220,0,23871629,pareto,300.000000,1.000000,1000,18922908,18923963,18944368,1002,1055
df3fcec1e9220,0,23871629,pareto,300.000000,1.000000,1000,18944801,18945848,18968460,1000,1047
df3fcec1e9220,0,23871629,pareto,300.000000,1.000000,1000,18968891,18969945,18990330,1002,1054
df3fcec1e9220,0,23871629,pareto,300.000000,1.000000,1000,18990830,18991885,19012272,1001,1055
df3fcec1e9220,0,23871629,pareto,300.000000,1.000000,1000,19012685,19013739,19036275,1009,1054
df3fcec1e9220,0,23871629,pareto,300.000000,1.000000,1000,19036709,19037767,19058133,1004,1058
df3fcec1e9220,0,23871629,pareto,300.000000,1.000000,1000,19058689,19059743,19083057,1000,1054
df3fcec1e9220,0,23871629,pareto,300.000000,1.000000,1000,19083491,19084553,19104940,1003,1062
df3fcec1e9220,0,23871629,pareto,300.000000,1.000000,1000,19105330,19106378,19128873,1002,1048
df3fcec1e9220,0,23871629,pareto,300.000000,1.000000,1000,19129308,19130374,19150772,1003,1066
df3fcec1e9220,0,23871629,pareto,300.000000,1.000000,1000,19153884,19154949,19176051,1002,1065
df3fcec1e9220,0,23871629,pareto,300.000000,1.000000,1000,19176533,19177593,19200349,1001,1060
df3fcec1e9220,0,23871629,pareto,300.000000,1.000000,1000,19200788,19201850,19222247,1004,1062
df3fcec1e9220,0,23871629,pareto,300.000000,1.000000,1000,19222669,19223728,19246261,1003,1059
df3fcec1e9220,0,23871629,pareto,300.000000,1.000000,1000,19246693,19247746,19268102,1002,1053
df3fcec1e9220,0,23871629,pareto,300.000000,1.000000,1000,19268523,19269590,19292140,1016,1067
df3fcec1e9220,0,23871629,pareto,300.000000,1.000000,1000,19292659,19293719,19314122,1000,1060
df3fcec1e9220,0,23871629,pareto,300.000000,1.000000,1000,19314528,19315585,19335966,1005,1057
df3fcec1e9220,0,23871629,pareto,300.000000,1.000000,1000,19336425,19337483,19360020,1001,1058
df3fcec1e9220,0,23871629,pareto,300.000000,1.000000,1000,19360439,19361494,19381863,1002,1055
df3fcec1e9220,0,23871629,pareto,300.000000,1.000000,1000,19382284,19383339,19405948,1002,1055
df3fcec1e9220,0,23871629,pareto,300.000000,1.000000,1000,19406383,19407443,19427863,1005,1060
df3fcec1e9220,0,23871629,pareto,300.000000,1.000000,1000,19428293,19429341,19451939,1001,1048
df3fcec1e9220,0,23871629,pareto,300.000000,1.000000,1000,19452378,19453434,19473837,1004,1056
df3fcec1e9220,0,23871629,pareto,300.000000,1.000000,1000,19474259,19475314,19495683,1003,1055
df3fcec1e9220,0,23871629,pareto,300.000000,1.000000,1000,19496096,19497151,19519733,1001,1055
df3fcec1e9220,0,23871629,pareto,300.000000,1.000000,1000,19520158,19521212,19541631,1002,1054
df3fcec1e9220,0,23871629,pareto,300.000000,1.000000,1000,19542059,19543114,19568166,1000,1055
df3fcec1e9220,0,23871629,pareto,300.000000,1.000000,1000,19568615,19569679,19590134,1005,1064
df3fcec1e9220,0,23871629,pareto,300.000000,1.000000,1000,19590535,19591590,19614231,1002,1055
df3fcec1e9220,0,23871629,pareto,300.000000,1.000000,1000,19614673,19615727,19636151,1002,1054
df3fcec1e9220,0,23871629,pareto,300.000000,1.000000,1000,19636551,19637611,19657976,1004,1060
df3fcec1e9220,0,23871629,pareto,300.000000,1.000000,1000,19658389,19659450,19682054,1007,1061
df3fcec1e9220,0,23871629,pareto,300.000000,1.000000,1000,19682542,19683597,19704053,1000,1055
df3fcec1e9220,0,23871629,pareto,300.000000,1.000000,1000,19704459,19705514,19728072,1004,1055
df3fcec1e9220,0,23871629,pareto,300.000000,1.000000,1000,19728504,19729568,19749981,1005,1064
df3fcec1e9220,0,23871629,pareto,300.000000,1.000000,1000,19750410,19751476,19774107,1008,1066
df3fcec1e9220,0,23871629,pareto,300.000000,1.000000,1000,19774546,19775608,19796033,1003,1062
df3fcec1e9220,0,23871629,pareto,300.000000,1.000000,1000,19796481,19797535,19817939,1000,1054
df3fcec1e9220,0,23871629,pareto,300.000000,1.000000,1000,19818355,19819414,19842891,1001,1059
df3fcec1e9220,0,23871629,pareto,300.000000,1.000000,1000,19843334,19844407,19864809,1010,1073
df3fcec1e9220,0,23871629,pareto,300.000000,1.000000,1000,19865208,19866273,19888838,1008,1065
df3fcec1e9220,0,23871629,pareto,300.000000,1.000000,1000,19889316,19890371,19910795,1001,1055
df3fcec1e9220,0,23871629,pareto,300.000000,1.000000,1000,19911264,19912323,19935007,1000,1059
df3fcec1e9220,0,23871629,pareto,300.000000,1.000000,1000,19935430,19936484,19956892,1002,1054
df3fcec1e9220,0,23871629,pareto,300.000000,1.000000,1000,19957296,19958358,19978739,1009,1062
df3fcec1e9220,0,23871629,pareto,300.000000,1.000000,1000,19979196,19980243,20002810,1000,1047
df3fcec1e9220,0,23871629,pareto,300.000000,1.000000,1000,20003247,20004300,20024711,1001,1053
df3fcec1e9220,0,23871629,pareto,300.000000,1.000000,1000,20025217,20026272,20051443,1000,1055
df3fcec1e9220,0,23871629,pareto,300.000000,1.000000,1000,20051923,20052976,20073479,1000,1053
df3fcec1e9220,0,23871629,pareto,300.000000,1.000000,1000,20073904,20074952,20097639,1002,1048
df3fcec1e9220,0,23871629,pareto,300.000000,1.000000,1000,20098112,20099167,20119589,1000,1055
df3fcec1e9220,0,23871629,pareto,300.000000,1.000000,1000,20119994,20121052,20141378,1003,1058
df3fcec1e9220,0,23871629,pareto,300.000000,1.000000,1000,20141787,20142835,20167896,1002,1048
df3fcec1e9220,0,23871629,pareto,300.000000,1.000000,1000,20168425,20169482,20190090,1006,1057
df3fcec1e9220,0,23871629,pareto,300.000000,1.000000,1000,20190514,20191569,20214381,1002,1055
df3fcec1e9220,0,23871629,pareto,300.000000,1.000000,1000,20214859,20215913,20236295,1000,1054
df3fcec1e9220,0,23871629,pareto,300.000000,1.000000,1000,20236778,20237833,20260616,1004,1055
df3fcec1e9220,0,23871629,pareto,300.000000,1.000000,1000,20261066,20262127,20282483,1004,1061
df3fcec1e9220,0,23871629,pareto,300.000000,1.000000,1000,20282876,20283924,20304258,1002,1048
df3fcec1e9220,0,23871629,pareto,300.000000,1.000000,1000,20304774,20305823,20328397,1000,1049
df3fcec1e9220,0,23871629,pareto,300.000000,1.000000,1000,20328871,20329926,20350414,1000,1055
df3fcec1e9220,0,23871629,pareto,300.000000,1.000000,1000,20350832,20351897,20374491,1005,1065
df3fcec1e9220,0,23871629,pareto,300.000000,1.000000,1000,20374956,20376014,20396520,1000,1058
df3fcec1e9220,0,23871629,pareto,300.000000,1.000000,1000,20396983,20398037,20420783,1000,1054
df3fcec1e9220,0,23871629,pareto,300.000000,1.000000,1000,20421221,20422275,20442676,1001,1054
df3fcec1e9220,0,23871629,pareto,300.000000,1.000000,1000,20443092,20444146,20464510,1001,1054
df3fcec1e9220,0,23871629,pareto,300.000000,1.000000,1000,20464905,20465959,20488541,1004,1054
df3fcec1e9220,0,23871629,pareto,300.000000,1.000000,1000,20488975,20490039,20510443,1010,1064
df3fcec1e9220,0,23871629,pareto,300.000000,1.000000,1000,20510844,20511899,20534549,1001,1055
df3fcec1e9220,0,23871629,pareto,300.000000,1.000000,1000,20535018,20536072,20556530,1000,1054
df3fcec1e9220,0,23871629,pareto,300.000000,1.000000,1000,20556929,20557988,20581587,1002,1059
df3fcec1e9220,0,23871629,pareto,300.000000,1.000000,1000,20582078,20583134,20603539,1001,1056
df3fcec1e9220,0,23871629,pareto,300.000000,1.000000,1000,20603956,20605011,20625380,1002,1055
df3fcec1e9220,0,23871629,pareto,300.000000,1.000000,1000,20625789,20626836,20649415,1003,1047
df3fcec1e9220,0,23871629,pareto,300.000000,1.000000,1000,20649837,20650896,20671296,1004,1059
df3fcec1e9220,0,23871629,pareto,300.000000,1.000000,1000,20671704,20672762,20695264,1002,1058
df3fcec1e9220,0,23871629,pareto,300.000000,1.000000,1000,20695680,20696735,20717136,1001,1055
df3fcec1e9220,0,23871629,pareto,300.000000,1.000000,1000,20717531,20718586,20741179,1001,1055
df3fcec1e9220,0,23871629,pareto,300.000000,1.000000,1000,20741703,20742750,20763180,1000,1047
df3fcec1e9220,0,23871629,pareto,300.000000,1.000000,1000,20763637,20764685,20785061,1000,1048
df3fcec1e9220,0,23871629,pareto,300.000000,1.000000,1000,20785470,20786518,20809041,1002,1048
df3fcec1e9220,0,23871629,pareto,300.000000,1.000000,1000,20809451,20810516,20830901,1008,1065
df3fcec1e9220,0,23871629,pareto,300.000000,1.000000,1000,20831305,20832360,20854896,1002,1055
df3fcec1e9220,0,23871629,pareto,300.000000,1.000000,1000,20855353,20856426,20876828,1018,1073
df3fcec1e9220,0,23871629,pareto,300.000000,1.000000,1000,20877279,20878327,20900939,1000,1048
df3fcec1e9220,0,23871629,pareto,300.000000,1.000000,1000,20901375,20902434,20922880,1002,1059
df3fcec1e9220,0,23871629,pareto,300.000000,1.000000,1000,20923288,20924336,20946892,1002,1048
df3fcec1e9220,0,23871629,pareto,300.000000,1.000000,1000,20947373,20948428,20968835,1000,1055
df3fcec1e9220,0,23871629,pareto,300.000000,1.000000,1000,20969250,20970298,20990728,1002,1048
df3fcec1e9220,0,23871629,pareto,300.000000,1.000000,1000,20991174,20992221,21014789,1000,1047
df3fcec1e9220,0,23871629,pareto,300.000000,1.000000,1000,21015232,21016279,21036683,1001,1047
df3fcec1e9220,0,23871629,pareto,300.000000,1.000000,1000,21037083,21038138,21060690,1002,1055
df3fcec1e9220,0,23871629,pareto,300.000000,1.000000,1000,21061126,21062181,21082586,1003,1055
df3fcec1e9220,0,23871629,pareto,300.000000,1.000000,1000,21082990,21084049,21106629,1002,1059
df3fcec1e9220,0,23871629,pareto,300.000000,1.000000,1000,21107063,21108125,21128537,1007,1062
df3fcec1e9220,0,23871629,pareto,300.000000,1.000000,1000,21128961,21130015,21150329,1004,1054
df3fcec1e9220,0,23871629,pareto,300.000000,1.000000,1000,21150751,21157337,21181392,1002,6586
df3fcec1e9220,0,23871629,pareto,300.000000,1.000000,1000,21181966,21183023,21203506,1003,1057
df3fcec1e9220,0,23871629,pareto,300.000000,1.000000,1000,21203946,21205003,21227673,1001,1057
df3fcec1e9220,0,23871629,pareto,300.000000,1.000000,1000,21228155,21229215,21249645,1000,1060
df3fcec1e9220,0,23871629,pareto,300.000000,1.000000,1000,21250064,21251125,21273762,1007,1061
df3fcec1e9220,0,23871629,pareto,300.000000,1.000000,1000,21274303,21275351,21295734,1001,1048
df3fcec1e9220,0,23871629,pareto,300.000000,1.000000,1000,21296175,21297223,21317648,1000,1048
df3fcec1e9220,0,23871629,pareto,300.000000,1.000000,1000,21318054,21319119,21345179,1008,1065
df3fcec1e9220,0,23871629,pareto,300.000000,1.000000,1000,21345677,21346731,21367224,1000,1054
df3fcec1e9220,0,23871629,pareto,300.000000,1.000000,1000,21367647,21368706,21391376,1002,1059
df3fcec1e9220,0,23871629,pareto,300.000000,1.000000,1000,21391822,21392887,21413323,1006,1065
df3fcec1e9220,0,23871629,pareto,300.000000,1.000000,1000,21413794,21414855,21437446,1008,1061
df3fcec1e9220,0,23871629,pareto,300.000000,1.000000,1000,21437928,21438985,21459476,1000,1057
df3fcec1e9220,0,23871629,pareto,300.000000,1.000000,1000,21459893,21460958,21481343,1006,1065
df3fcec1e9220,0,23871629,pareto,300.000000,1.000000,1000,21481757,21482812,21505431,1002,1055
df3fcec1e9220,0,23871629,pareto,300.000000,1.000000,1000,21505860,21506914,21527339,1006,1054
df3fcec1e9220,0,23871629,pareto,300.000000,1.000000,1000,21527747,21528801,21551400,1001,1054
df3fcec1e9220,0,23871629,pareto,300.000000,1.000000,1000,21551820,21552873,21573271,1004,1053
df3fcec1e9220,0,23871629,pareto,300.000000,1.000000,1000,21573666,21574719,21597419,1002,1053
df3fcec1e9220,0,23871629,pareto,300.000000,1.000000,1000,21597861,21598919,21619351,1003,1058
df3fcec1e9220,0,23871629,pareto,300.000000,1.000000,1000,21619770,21620824,21641201,1001,1054
df3fcec1e9220,0,23871629,pareto,300.000000,1.000000,1000,21641629,21642694,21665349,1008,1065
df3fcec1e9220,0,23871629,pareto,300.000000,1.000000,1000,21665785,21666838,21687268,1003,1053
df3fcec1e9220,0,23871629,pareto,300.000000,1.000000,1000,21687685,21688746,21713917,1007,1061
df3fcec1e9220,0,23871629,pareto,300.000000,1.000000,1000,21714343,21715403,21735880,1001,1060
df3fcec1e9220,0,23871629,pareto,300.000000,1.000000,1000,21736329,21737383,21760013,1000,1054
df3fcec1e9220,0,23871629,pareto,300.000000,1.000000,1000,21760442,21761503,21781899,1004,1061
df3fcec1e9220,0,23871629,pareto,300.000000,1.000000,1000,21782348,21783403,21803794,1000,1055
df3fcec1e9220,0,23871629,pareto,300.000000,1.000000,1000,21804258,21805313,21827883,1000,1055
df3fcec1e9220,0,23871629,pareto,300.000000,1.000000,1000,21828303,21829356,21849775,1002,1053
df3fcec1e9220,0,23871629,pareto,300.000000,1.000000,1000,21850230,21851284,21873869,1001,1054
df3fcec1e9220,0,23871629,pareto,300.000000,1.000000,1000,21874287,21875341,21895746,1002,1054
df3fcec1e9220,0,23871629,pareto,300.000000,1.000000,1000,21896155,21897209,21919784,1003,1054
df3fcec1e9220,0,23871629,pareto,300.000000,1.000000,1000,21920244,21921298,21941726,1000,1054
df3fcec1e9220,0,23871629,pareto,300.000000,1.000000,1000,21942144,21943205,21963614,1005,1061
df3fcec1e9220,0,23871629,pareto,300.000000,1.000000,1000,21964041,21965088,21987679,1001,1047
df3fcec1e9220,0,23871629,pareto,300.000000,1.000000,1000,21988146,21989204,22009655,1000,1058
df3fcec1e9220,0,23871629,pareto,300.000000,1.000000,1000,22010074,22011134,22033701,1002,1060
df3fcec1e9220,0,23871629,pareto,300.000000,1.000000,1000,22034128,22035194,22055624,1004,1066
df3fcec1e9220,0,23871629,pareto,300.000000,1.000000,1000,22056138,22057184,22080608,1001,1046
df3fcec1e9220,0,23871629,pareto,300.000000,1.000000,1000,22081044,22082100,22102606,1001,1056
df3fcec1e9220,0,23871629,pareto,300.000000,1.000000,1000,22103009,22104075,22124466,1008,1066
df3fcec1e9220,0,23871629,pareto,300.000000,1.000000,1000,22124877,22125937,22148544,1002,1060
df3fcec1e9220,0,23871629,pareto,300.000000,1.000000,1000,22148975,22150029,22173834,1004,1054
df3fcec1e9220,0,23871629,pareto,300.000000,1.000000,1000,22174404,22175468,22198455,1004,1064
df3fcec1e9220,0,23871629,pareto,300.000000,1.000000,1000,22198904,22199966,22220389,1005,1062
df3fcec1e9220,0,23871629,pareto,300.000000,1.000000,1000,22220793,22221848,22244455,1004,1055
df3fcec1e9220,0,23871629,pareto,300.000000,1.000000,1000,22244903,22245969,22266393,1009,1066
df3fcec1e9220,0,23871629,pareto,300.000000,1.000000,1000,22266826,22267892,22288290,1014,1066
df3fcec1e9220,0,23871629,pareto,300.000000,1.000000,1000,22288702,22289761,22312319,1009,1059
df3fcec1e9220,0,23871629,pareto,300.000000,1.000000,1000,22312789,22313849,22334238,1000,1060
df3fcec1e9220,0,23871629,pareto,300.000000,1.000000,1000,22334653,22335707,22358256,1001,1054
df3fcec1e9220,0,23871629,pareto,300.000000,1.000000,1000,22358682,22359736,22380116,1002,1054
df3fcec1e9220,0,23871629,pareto,300.000000,1.000000,1000,22380574,22381622,22404160,1001,1048
df3fcec1e9220,0,23871629,pareto,300.000000,1.000000,1000,22404584,22405651,22426078,1004,1067
df3fcec1e9220,0,23871629,pareto,300.000000,1.000000,1000,22426529,22427577,22447965,1000,1048
df3fcec1e9220,0,23871629,pareto,300.000000,1.000000,1000,22448375,22449423,22471997,1001,1048
df3fcec1e9220,0,23871629,pareto,300.000000,1.000000,1000,22472441,22473495,22493933,1002,1054
df3fcec1e9220,0,23871629,pareto,300.000000,1.000000,1000,22494339,22495404,22517978,1015,1065
df3fcec1e9220,0,23871629,pareto,300.000000,1.000000,1000,22518402,22519462,22539878,1002,1060
df3fcec1e9220,0,23871629,pareto,300.000000,1.000000,1000,22540299,22541354,22563923,1002,1055
df3fcec1e9220,0,23871629,pareto,300.000000,1.000000,1000,22564363,22565422,22585827,1004,1059
df3fcec1e9220,0,23871629,pareto,300.000000,1.000000,1000,22586239,22587294,22607679,1002,1055
df3fcec1e9220,0,23871629,pareto,300.000000,1.000000,1000,22608110,22609157,22631703,1002,1047
df3fcec1e9220,0,23871629,pareto,300.000000,1.000000,1000,22632130,22633188,22653626,1001,1058
df3fcec1e9220,0,23871629,pareto,300.000000,1.000000,1000,22654089,22655148,22677689,1000,1059
df3fcec1e9220,0,23871629,pareto,300.000000,1.000000,1000,22678162,22679216,22699677,1000,1054
df3fcec1e9220,0,23871629,pareto,300.000000,1.000000,1000,22700092,22701140,22723734,1001,1048
df3fcec1e9220,0,23871629,pareto,300.000000,1.000000,1000,22724204,22725259,22745725,1000,1055
df3fcec1e9220,0,23871629,pareto,300.000000,1.000000,1000,22746141,22747202,22767586,1007,1061
df3fcec1e9220,0,23871629,pareto,300.000000,1.000000,1000,22767989,22769044,22791670,1004,1055
df3fcec1e9220,0,23871629,pareto,300.000000,1.000000,1000,22792187,22793241,22813708,1000,1054
df3fcec1e9220,0,23871629,pareto,300.000000,1.000000,1000,22814128,22815182,22838660,1003,1054
df3fcec1e9220,0,23871629,pareto,300.000000,1.000000,1000,22839130,22840185,22860626,1000,1055
df3fcec1e9220,0,23871629,pareto,300.000000,1.000000,1000,22861046,22862100,22884727,1006,1054
df3fcec1e9220,0,23871629,pareto,300.000000,1.000000,1000,22885163,22886217,22906627,1001,1054
df3fcec1e9220,0,23871629,pareto,300.000000,1.000000,1000,22907039,22908097,22928490,1010,1058
df3fcec1e9220,0,23871629,pareto,300.000000,1.000000,1000,22928920,22929967,22952536,1000,1047
df3fcec1e9220,0,23871629,pareto,300.000000,1.000000,1000,22952958,22954012,22974439,1002,1054
df3fcec1e9220,0,23871629,pareto,300.000000,1.000000,1000,22974831,22975896,22998379,1005,1065
df3fcec1e9220,0,23871629,pareto,300.000000,1.000000,1000,22998823,22999895,23020306,1010,1072
df3fcec1e9220,0,23871629,pareto,300.000000,1.000000,1000,23020744,23021798,23044364,1000,1054
df3fcec1e9220,0,23871629,pareto,300.000000,1.000000,1000,23044794,23045853,23066261,1003,1059
df3fcec1e9220,0,23871629,pareto,300.000000,1.000000,1000,23066671,23067726,23088120,1002,1055
df3fcec1e9220,0,23871629,pareto,300.000000,1.000000,1000,23088558,23089613,23114662,1000,1055
df3fcec1e9220,0,23871629,pareto,300.000000,1.000000,1000,23115108,23116173,23136642,1010,1065
df3fcec1e9220,0,23871629,pareto,300.000000,1.000000,1000,23137153,23138207,23163699,1000,1054
df3fcec1e9220,0,23871629,pareto,300.000000,1.000000,1000,23164258,23165315,23186076,1004,1057
df3fcec1e9220,0,23871629,pareto,300.000000,1.000000,1000,23186522,23187570,23210576,1000,1048
df3fcec1e9220,0,23871629,pareto,300.000000,1.000000,1000,23211002,23212065,23232486,1002,1063
df3fcec1e9220,0,23871629,pareto,300.000000,1.000000,1000,23232916,23233975,23254360,1005,1059
df3fcec1e9220,0,23871629,pareto,300.000000,1.000000,1000,23254815,23255874,23278433,1001,1059
df3fcec1e9220,0,23871629,pareto,300.000000,1.000000,1000,23278868,23279934,23300318,1003,1066
df3fcec1e9220,0,23871629,pareto,300.000000,1.000000,1000,23300740,23301795,23324318,1001,1055
df3fcec1e9220,0,23871629,pareto,300.000000,1.000000,1000,23324800,23325867,23346299,1008,1067
df3fcec1e9220,0,23871629,pareto,300.000000,1.000000,1000,23346743,23347790,23373230,1000,1047
df3fcec1e9220,0,23871629,pareto,300.000000,1.000000,1000,23373709,23374764,23395226,1000,1055
df3fcec1e9220,0,23871629,pareto,300.000000,1.000000,1000,23395631,23396690,23417063,1007,1059
df3fcec1e9220,0,23871629,pareto,300.000000,1.000000,1000,23417520,23418568,23441253,1000,1048
df3fcec1e9220,0,23871629,pareto,300.000000,1.000000,1000,23441721,23442777,23463272,1000,1056
df3fcec1e9220,0,23871629,pareto,300.000000,1.000000,1000,23463680,23464735,23487399,1001,1055
df3fcec1e9220,0,23871629,pareto,300.000000,1.000000,1000,23487829,23488892,23509334,1002,1063
df3fcec1e9220,0,23871629,pareto,300.000000,1.000000,1000,23509743,23510798,23533410,1002,1055
df3fcec1e9220,0,23871629,pareto,300.000000,1.000000,1000,23533845,23534900,23555328,1001,1055
df3fcec1e9220,0,23871629,pareto,300.000000,1.000000,1000,23555718,23556766,23577202,1002,1048
df3fcec1e9220,0,23871629,pareto,300.000000,1.000000,1000,23577612,23578666,23602211,1005,1054
df3fcec1e9220,0,23871629,pareto,300.000000,1.000000,1000,23602673,23603730,23624190,1001,1057
df3fcec1e9220,0,23871629,pareto,300.000000,1.000000,1000,23624590,23625644,23648249,1008,1054
df3fcec1e9220,0,23871629,pareto,300.000000,1.000000,1000,23648687,23649748,23670169,1007,1061
df3fcec1e9220,0,23871629,pareto,300.000000,1.000000,1000,23670572,23671630,23694250,1002,1058
df3fcec1e9220,0,23871629,pareto,300.000000,1.000000,1000,23694678,23695740,23716182,1004,1062
df3fcec1e9220,0,23871629,pareto,300.000000,1.000000,1000,23716583,23717638,23738014,1001,1055
df3fcec1e9220,0,23871629,pareto,300.000000,1.000000,1000,23738419,23739484,23762059,1007,1065
df3fcec1e9220,0,23871629,pareto,300.000000,1.000000,1000,23762494,23763548,23783967,1002,1054
df3fcec1e9220,0,23871629,pareto,300.000000,1.000000,1000,23784416,23785475,23808174,1000,1059

